file_name,plant_density,plant_number,age_in_days_d,age_in_degree_days_dd,dry_biomass_leaf_blades_mg,leaf_blade_area_m2,dry_biomass_leaf_blades_order_0_mg,leaf_blade_area_order_0_m2,dry_biomass_leaf_blades_order_1_mg,leaf_blade_area_order_1_m2,dry_biomass_leaves_mg,leaf_area_m2,dry_biomass_leaves_0_mg,leaf_area_order_0_m2,dry_biomass_leaves_1_mg,leaf_area_order_1_m2,dry_biomass_stems_mg,dry_biomass_internodes_mg,dry_biomass_internodes_order_0_mg,dry_biomass_internodes_order_1_mg, dry_biomass_fruits_mg,fresh_biomass_fruits_mg, fresh_biomass_fruits_harvested_mg,dry_biomass_plant_above_ground_mg, dry_biomass_roots,dry_biomass_truss_mg, gross photosynthesis CH2O mg,maintenance CH2O mg, assimilates_mg, PAR_absorbed_daily_umol, PAR_absorbed_leaves_daily_umol, cumulative_PAR_absorbed_per_plant_umol, cumulative_gross_assimmilates_plant_mg, cumulative_assimilates_plant_mg
base_plant_dynamic_50.csv,50.0,1,1,390.0,134.10760498046875,0.0031515073496848345,134.10760498046875,0.0031515073496848345,0.0,0.0,159.84338436008105,0.0054091137267244325,159.84338436008105,0.0054091137267244325,0.0,0.0,94.36801049981008,68.63223112019779,38.24432915833233,0.0,0.0,0.0,0.0,228.47561548027878,687.6000016897917,0.0,31.00084110581056,4.529954485863335E-7,31.000840652815114,0.3541432318408218,0.3541432318408218,0.3541432318408218,31.00084110581056,31.000840652815114
base_plant_dynamic_50.csv,50.0,1,1,390.0,134.10760498046875,0.0031515073496848345,134.10760498046875,0.0031515073496848345,0.0,0.0,159.84338436008105,0.0054091137267244325,159.84338436008105,0.0054091137267244325,0.0,0.0,94.36801049981008,68.63223112019779,38.24432915833233,0.0,0.0,0.0,0.0,228.47561548027878,687.6000016897917,0.0,31.00084110581056,4.529954485863335E-7,31.000840652815114,0.3541432318408218,0.3541432318408218,0.3541432318408218,31.00084110581056,31.000840652815114
base_plant_dynamic_50.csv,50.0,1,2,403.75024,164.18055725097656,0.003858216805383563,164.18055725097656,0.003858216805383563,0.0,0.0,197.20047741258873,0.006281918652756968,197.20047741258873,0.006281918652756968,0.0,0.0,107.75407988226499,74.73415972065284,43.2659737058132,0.0,0.0,0.0,0.0,271.9346371332416,687.6000016897917,0.0,62.066216747249605,1.2920611770389387,60.77415557021067,1.0989798276309162,1.0270831345677809,1.453123059471738,93.06705785306016,91.77499622302578
base_plant_dynamic_50.csv,50.0,1,2,403.75024,164.18055725097656,0.003858216805383563,164.18055725097656,0.003858216805383563,0.0,0.0,197.20047741258873,0.006281918652756968,197.20047741258873,0.006281918652756968,0.0,0.0,107.75407988226499,74.73415972065284,43.2659737058132,0.0,0.0,0.0,0.0,271.9346371332416,687.6000016897917,0.0,62.066216747249605,1.2920611770389387,60.77415557021067,1.0989798276309162,1.0270831345677809,1.453123059471738,93.06705785306016,91.77499622302578
base_plant_dynamic_50.csv,50.0,1,3,417.60886,197.1561279296875,0.004633137956261635,197.1561279296875,0.004633137956261635,0.0,0.0,238.38348349642223,0.007242367074125701,238.38348349642223,0.007242367074125701,0.0,0.0,123.7420540755819,82.51469850884718,50.048509964878356,0.0,0.0,0.0,0.0,320.8981820052694,687.6000016897917,0.0,72.09101361381768,3.5648541325299297,68.52615948128775,1.2782586235795328,1.2035218239033079,2.7313816830512705,165.15807146687786,160.30115570431354
base_plant_dynamic_50.csv,50.0,1,3,417.60886,197.1561279296875,0.004633137956261635,197.1561279296875,0.004633137956261635,0.0,0.0,238.38348349642223,0.007242367074125701,238.38348349642223,0.007242367074125701,0.0,0.0,123.7420540755819,82.51469850884718,50.048509964878356,0.0,0.0,0.0,0.0,320.8981820052694,687.6000016897917,0.0,72.09101361381768,3.5648541325299297,68.52615948128775,1.2782586235795328,1.2035218239033079,2.7313816830512705,165.15807146687786,160.30115570431354
base_plant_dynamic_50.csv,50.0,1,4,432.64032,232.22462463378906,0.005457242019474506,232.22462463378906,0.005457242019474506,0.0,0.0,282.4812212059102,0.008444899112499515,282.4812212059102,0.008444899112499515,0.0,0.0,143.46599510592114,93.20939853380001,59.89228759904794,0.0,0.0,0.0,0.0,375.6906197397102,687.6000016897917,0.0,83.03723014861112,6.234059817101463,76.80317033150965,1.4714550230391832,1.3941762058745328,4.202836706090453,248.19530161548897,237.1043260358232
base_plant_dynamic_50.csv,50.0,1,4,432.64032,232.22462463378906,0.005457242019474506,232.22462463378906,0.005457242019474506,0.0,0.0,282.4812212059102,0.008444899112499515,282.4812212059102,0.008444899112499515,0.0,0.0,143.46599510592114,93.20939853380001,59.89228759904794,0.0,0.0,0.0,0.0,375.6906197397102,687.6000016897917,0.0,83.03723014861112,6.234059817101463,76.80317033150965,1.4714550230391832,1.3941762058745328,4.202836706090453,248.19530161548897,237.1043260358232
base_plant_dynamic_50.csv,50.0,1,5,448.06482,271.5378112792969,0.006381095852702856,271.5378112792969,0.006381095852702856,0.0,0.0,332.33997747735265,0.00970977929621635,332.33997747735265,0.00970977929621635,0.0,0.0,168.41951318630117,107.61734698824543,73.5988530323792,0.0,0.0,0.0,0.0,439.9573244655981,687.6000016897917,0.0,98.92582580112195,8.730629351081788,90.19519645004016,1.7168871646350163,1.628851738702455,5.91972387072547,347.12112741661093,327.29952248586335
base_plant_dynamic_50.csv,50.0,1,5,448.06482,271.5378112792969,0.006381095852702856,271.5378112792969,0.006381095852702856,0.0,0.0,332.33997747735265,0.00970977929621635,332.33997747735265,0.00970977929621635,0.0,0.0,168.41951318630117,107.61734698824543,73.5988530323792,0.0,0.0,0.0,0.0,439.9573244655981,687.6000016897917,0.0,98.92582580112195,8.730629351081788,90.19519645004016,1.7168871646350163,1.628851738702455,5.91972387072547,347.12112741661093,327.29952248586335
base_plant_dynamic_50.csv,50.0,1,6,463.4899,315.8969421386719,0.007423528470098972,315.8969421386719,0.007423528470098972,0.0,0.0,389.0372001345767,0.011078265794188137,389.0372001345767,0.011078265794188137,0.0,0.0,198.29564138604098,125.15538339013617,90.59868402250981,0.0,0.0,0.0,0.0,514.1925835247129,687.6000016897917,0.0,115.30416781198159,11.064875510480187,104.2392923015014,1.9694351848490554,1.8728639877734485,7.889159055574526,462.4252952285925,431.53881478736474
base_plant_dynamic_50.csv,50.0,1,6,463.4899,315.8969421386719,0.007423528470098972,315.8969421386719,0.007423528470098972,0.0,0.0,389.0372001345767,0.011078265794188137,389.0372001345767,0.011078265794188137,0.0,0.0,198.29564138604098,125.15538339013617,90.59868402250981,0.0,0.0,0.0,0.0,514.1925835247129,687.6000016897917,0.0,115.30416781198159,11.064875510480187,104.2392923015014,1.9694351848490554,1.8728639877734485,7.889159055574526,462.4252952285925,431.53881478736474
base_plant_dynamic_50.csv,50.0,1,7,478.69873,366.33135986328125,0.00860872957855463,366.33135986328125,0.00860872957855463,0.0,0.0,453.9536520917516,0.012818565320664761,453.9536520917516,0.012818565320664761,0.0,0.0,234.8632343870663,147.240942158596,112.32207866902533,0.0,0.0,0.0,0.0,601.1945942503476,687.6000016897917,0.0,135.07555922566013,12.817630666436,122.25792855922413,2.2670076389751523,2.162860749226659,10.156166694549679,597.5008544542527,553.7967433465889
base_plant_dynamic_50.csv,50.0,1,7,478.69873,366.33135986328125,0.00860872957855463,366.33135986328125,0.00860872957855463,0.0,0.0,453.9536520917516,0.012818565320664761,453.9536520917516,0.012818565320664761,0.0,0.0,234.8632343870663,147.240942158596,112.32207866902533,0.0,0.0,0.0,0.0,601.1945942503476,687.6000016897917,0.0,135.07555922566013,12.817630666436,122.25792855922413,2.2670076389751523,2.162860749226659,10.156166694549679,597.5008544542527,553.7967433465889
base_plant_dynamic_50.csv,50.0,1,8,494.17252,402.8905334472656,0.009467865340411663,402.8905334472656,0.009467865340411663,0.0,0.0,506.8833116216657,0.01394812797479076,506.8833116216657,0.01394812797479076,0.0,0.0,278.9604429892272,174.9676648148271,139.87444294097673,0.0,0.0,0.0,0.0,681.8509764364927,687.6000016897917,0.0,161.7564557049557,14.453681841368189,147.3027738635875,2.63682932997073,2.516150402672544,12.79299602452041,759.2573101592084,701.0995172101764
base_plant_dynamic_50.csv,50.0,1,8,494.17252,402.8905334472656,0.009467865340411663,402.8905334472656,0.009467865340411663,0.0,0.0,506.8833116216657,0.01394812797479076,506.8833116216657,0.01394812797479076,0.0,0.0,278.9604429892272,174.9676648148271,139.87444294097673,0.0,0.0,0.0,0.0,681.8509764364927,687.6000016897917,0.0,161.7564557049557,14.453681841368189,147.3027738635875,2.63682932997073,2.516150402672544,12.79299602452041,759.2573101592084,701.0995172101764
base_plant_dynamic_50.csv,50.0,1,9,509.6443,472.6476135253906,0.011107143945991993,472.6476135253906,0.011107143945991993,0.0,0.0,597.7388715618869,0.016085942035854724,597.7388715618869,0.016085942035854724,0.0,0.0,332.9422253369005,207.8509673004042,172.75774542655384,0.0,0.0,0.0,0.0,805.589838862291,687.6000016897916,0.0,190.6980738895174,16.728056700224396,173.970017189293,3.035211952548992,2.903480272088935,15.8282079770694,949.9553840487258,875.0695343994694
base_plant_dynamic_50.csv,50.0,1,9,509.6443,472.6476135253906,0.011107143945991993,472.6476135253906,0.011107143945991993,0.0,0.0,597.7388715618869,0.016085942035854724,597.7388715618869,0.016085942035854724,0.0,0.0,332.9422253369005,207.8509673004042,172.75774542655384,0.0,0.0,0.0,0.0,805.589838862291,687.6000016897916,0.0,190.6980738895174,16.728056700224396,173.970017189293,3.035211952548992,2.903480272088935,15.8282079770694,949.9553840487258,875.0695343994694
base_plant_dynamic_50.csv,50.0,1,10,525.0518,555.1881713867188,0.013046834617853165,555.1881713867188,0.013046834617853165,0.0,0.0,705.7026270441954,0.018521547939642405,705.7026270441954,0.018521547939642405,0.0,0.0,397.0537385983256,246.53928294084892,211.44606106699857,0.0,0.0,0.0,0.0,952.2419099850442,687.6000016897917,0.0,225.4880650395944,19.320386940171517,206.1676780994229,3.5068625415620094,3.3644771850494806,19.33507051863141,1175.4434490883202,1081.2372124988922
base_plant_dynamic_50.csv,50.0,1,10,525.0518,555.1881713867188,0.013046834617853165,555.1881713867188,0.013046834617853165,0.0,0.0,705.7026270441954,0.018521547939642405,705.7026270441954,0.018521547939642405,0.0,0.0,397.0537385983256,246.53928294084892,211.44606106699857,0.0,0.0,0.0,0.0,952.2419099850442,687.6000016897917,0.0,225.4880650395944,19.320386940171517,206.1676780994229,3.5068625415620094,3.3644771850494806,19.33507051863141,1175.4434490883202,1081.2372124988922
base_plant_dynamic_50.csv,50.0,1,11,540.5042,651.412353515625,0.015308083966374397,651.412353515625,0.015308083966374397,0.0,0.0,832.0137079115516,0.02153211262415101,832.0137079115516,0.02153211262415101,0.0,0.0,473.33496327745,292.73360888152337,257.64038700767304,0.0,0.0,0.0,0.0,1124.747316793075,687.6000016897917,0.0,265.05610394076086,22.501928525335504,242.55417541542536,4.046558522356626,3.8946937012596816,23.381629040988038,1440.4995530290812,1323.7913879143175
base_plant_dynamic_50.csv,50.0,1,11,540.5042,651.412353515625,0.015308083966374397,651.412353515625,0.015308083966374397,0.0,0.0,832.0137079115516,0.02153211262415101,832.0137079115516,0.02153211262415101,0.0,0.0,473.33496327745,292.73360888152337,257.64038700767304,0.0,0.0,0.0,0.0,1124.747316793075,687.6000016897917,0.0,265.05610394076086,22.501928525335504,242.55417541542536,4.046558522356626,3.8946937012596816,23.381629040988038,1440.4995530290812,1323.7913879143175
base_plant_dynamic_50.csv,50.0,1,12,555.90924,765.3677978515625,0.017986023798584938,765.3677978515625,0.017986023798584938,0.0,0.0,982.0634522801638,0.024922976600879856,982.0634522801638,0.024922976600879856,0.0,0.0,564.8600897175977,348.16443528899646,313.071213415146,0.0,0.0,0.0,0.0,1330.2278875691602,687.6000016897917,0.0,314.9774469468288,26.033603486953137,288.94384345987567,4.694112649490106,4.523788379641455,28.075741690478143,1755.47699997591,1612.735231374193
base_plant_dynamic_50.csv,50.0,1,12,555.90924,765.3677978515625,0.017986023798584938,765.3677978515625,0.017986023798584938,0.0,0.0,982.0634522801638,0.024922976600879856,982.0634522801638,0.024922976600879856,0.0,0.0,564.8600897175977,348.16443528899646,313.071213415146,0.0,0.0,0.0,0.0,1330.2278875691602,687.6000016897917,0.0,314.9774469468288,26.033603486953137,288.94384345987567,4.694112649490106,4.523788379641455,28.075741690478143,1755.47699997591,1612.735231374193
base_plant_dynamic_50.csv,50.0,1,13,571.4271,899.3778076171875,0.021135229617357254,899.3778076171875,0.021135229617357254,0.0,0.0,1158.967936366195,0.028778068751553164,1158.967936366195,0.028778068751553164,0.0,0.0,672.2379011924475,412.6477724434398,377.55455056958937,0.0,0.0,0.0,0.0,1571.6157088096347,687.6000016897917,0.0,369.90982583015057,30.511753532457945,339.39807229769264,5.395458936299007,5.210991927746502,33.47120062677715,2125.3868258060606,1952.1333036718856
base_plant_dynamic_50.csv,50.0,1,13,571.4271,899.3778076171875,0.021135229617357254,899.3778076171875,0.021135229617357254,0.0,0.0,1158.967936366195,0.028778068751553164,1158.967936366195,0.028778068751553164,0.0,0.0,672.2379011924475,412.6477724434398,377.55455056958937,0.0,0.0,0.0,0.0,1571.6157088096347,687.6000016897917,0.0,369.90982583015057,30.511753532457945,339.39807229769264,5.395458936299007,5.210991927746502,33.47120062677715,2125.3868258060606,1952.1333036718856
base_plant_dynamic_50.csv,50.0,1,14,586.6967,1057.73046875,0.024856504052877426,1057.73046875,0.024856504052877426,0.0,0.0,1368.4419660131784,0.033211311817878904,1368.4419660131784,0.033211311817878904,0.0,0.0,798.0614054837433,487.34990822056477,452.25668634671433,0.0,0.0,0.0,0.0,1855.7918742337433,687.6000016897916,0.0,434.33370235822923,34.84670370656568,399.48699865166355,6.226467367726297,6.026581619020025,39.69766799450345,2559.72052816429,2351.6203023235494
base_plant_dynamic_50.csv,50.0,1,14,586.6967,1057.73046875,0.024856504052877426,1057.73046875,0.024856504052877426,0.0,0.0,1368.4419660131784,0.033211311817878904,1368.4419660131784,0.033211311817878904,0.0,0.0,798.0614054837433,487.34990822056477,452.25668634671433,0.0,0.0,0.0,0.0,1855.7918742337433,687.6000016897916,0.0,434.33370235822923,34.84670370656568,399.48699865166355,6.226467367726297,6.026581619020025,39.69766799450345,2559.72052816429,2351.6203023235494
base_plant_dynamic_50.csv,50.0,1,15,601.9447,1241.9674072265625,0.029186036437749863,1241.9674072265625,0.029186036437749863,0.0,0.0,1612.5849156324916,0.03853855725251459,1612.5849156324916,0.03853855725251459,0.0,0.0,945.3939286829736,574.7764202770447,539.6831984031943,0.0,0.0,0.0,0.0,2187.361335909536,687.6000016897917,0.0,506.59944541603875,40.47230228696955,466.12714312906917,7.1597487225967775,6.948960207384863,46.85741671710022,3066.3199735803287,2817.7474454526186
base_plant_dynamic_50.csv,50.0,1,15,601.9447,1241.9674072265625,0.029186036437749863,1241.9674072265625,0.029186036437749863,0.0,0.0,1612.5849156324916,0.03853855725251459,1612.5849156324916,0.03853855725251459,0.0,0.0,945.3939286829736,574.7764202770447,539.6831984031943,0.0,0.0,0.0,0.0,2187.361335909536,687.6000016897917,0.0,506.59944541603875,40.47230228696955,466.12714312906917,7.1597487225967775,6.948960207384863,46.85741671710022,3066.3199735803287,2817.7474454526186
base_plant_dynamic_50.csv,50.0,1,16,617.3142,1457.8367919921875,0.03406122326850891,1457.8367919921875,0.03406122326850891,0.0,0.0,1898.8463925452854,0.044349384395668066,1898.8463925452854,0.044349384395668066,0.0,0.0,1118.6511253626168,677.6415248095186,642.310585257254,0.0,0.0,0.0,0.0,2576.487917354804,692.2577295173141,0.0,593.1494268211724,47.44606200602812,545.7033648151443,8.265288167459683,8.01180533087998,55.12270488455991,3659.469400401501,3363.450810267763
base_plant_dynamic_50.csv,50.0,1,16,617.3142,1457.8367919921875,0.03406122326850891,1457.8367919921875,0.03406122326850891,0.0,0.0,1898.8463925452854,0.044349384395668066,1898.8463925452854,0.044349384395668066,0.0,0.0,1118.6511253626168,677.6415248095186,642.310585257254,0.0,0.0,0.0,0.0,2576.487917354804,692.2577295173141,0.0,593.1494268211724,47.44606200602812,545.7033648151443,8.265288167459683,8.01180533087998,55.12270488455991,3659.469400401501,3363.450810267763
base_plant_dynamic_50.csv,50.0,1,17,632.88324,1708.5556640625,0.03938395902514458,1707.844482421875,0.03936724737286568,0.7110370397567749,1.670925848884508E-5,2231.4451822445158,0.05096334397876191,2230.497132765033,0.05054224041848431,0.9480494794830254,4.21103560277599E-4,1322.2405378599997,799.3510196779839,759.7501759331687,3.7175658996910625,0.0,0.0,0.0,3030.7962019225006,703.0799849508211,0.0,687.8553281518441,55.63157121714917,632.223756934695,9.474061268324313,9.192929276637905,64.59676615288421,4347.324728553345,3995.6745672024576
base_plant_dynamic_50.csv,50.0,1,17,632.88324,1708.5556640625,0.03938395902514458,1707.844482421875,0.03936724737286568,0.7110370397567749,1.670925848884508E-5,2231.4451822445158,0.05096334397876191,2230.497132765033,0.05054224041848431,0.9480494794830254,4.21103560277599E-4,1322.2405378599997,799.3510196779839,759.7501759331687,3.7175658996910625,0.0,0.0,0.0,3030.7962019225006,703.0799849508211,0.0,687.8553281518441,55.63157121714917,632.223756934695,9.474061268324313,9.192929276637905,64.59676615288421,4347.324728553345,3995.6745672024576
base_plant_dynamic_50.csv,50.0,1,18,648.51184,1999.396484375,0.04512011259794235,1995.6739501953125,0.045033425092697144,3.72255802154541,8.66881018737331E-5,2617.4020025244026,0.057862249589340116,2612.438592408891,0.057048384686985885,4.963410115511629,8.138649023542272E-4,1560.6478287388163,942.6423105894139,892.9804036654932,12.906532997554198,0.0,0.0,0.0,3560.0443131138168,720.1674233482264,0.0,791.648105936209,64.0543685854216,727.5937373507875,10.79305678856137,10.488515217434715,75.38982294144559,5138.972834489554,4723.268304553245
base_plant_dynamic_50.csv,50.0,1,18,648.51184,1999.396484375,0.04512011259794235,1995.6739501953125,0.045033425092697144,3.72255802154541,8.66881018737331E-5,2617.4020025244026,0.057862249589340116,2612.438592408891,0.057048384686985885,4.963410115511629,8.138649023542272E-4,1560.6478287388163,942.6423105894139,892.9804036654932,12.906532997554198,0.0,0.0,0.0,3560.0443131138168,720.1674233482264,0.0,791.648105936209,64.0543685854216,727.5937373507875,10.79305678856137,10.488515217434715,75.38982294144559,5138.972834489554,4723.268304553245
base_plant_dynamic_50.csv,50.0,1,19,664.12286,2334.71044921875,0.051213789731264114,2324.8720703125,0.050989605486392975,9.838470458984375,2.241868496639654E-4,3062.540785930443,0.0650471120349983,3049.4228267209046,0.06379846340848574,13.117959209538249,0.0012486486265125536,1835.9287345126459,1108.0983978009533,1043.247967754569,26.917142092914915,0.0,0.0,0.0,4170.639183731398,743.2469140241772,0.0,899.2880327141849,72.72224353213541,826.5657891820495,12.156487809639627,11.825236722039662,87.54631075108522,6038.260867203739,5549.834093735294
base_plant_dynamic_50.csv,50.0,1,19,664.12286,2334.71044921875,0.051213789731264114,2324.8720703125,0.050989605486392975,9.838470458984375,2.241868496639654E-4,3062.540785930443,0.0650471120349983,3049.4228267209046,0.06379846340848574,13.117959209538249,0.0012486486265125536,1835.9287345126459,1108.0983978009533,1043.247967754569,26.917142092914915,0.0,0.0,0.0,4170.639183731398,743.2469140241772,0.0,899.2880327141849,72.72224353213541,826.5657891820495,12.156487809639627,11.825236722039662,87.54631075108522,6038.260867203739,5549.834093735294
base_plant_dynamic_50.csv,50.0,1,20,679.72455,2716.495849609375,0.057638805359601974,2696.7783203125,0.05720258131623268,19.717594146728516,4.3622698285616934E-4,3569.6874194211473,0.07279897771286753,3543.3972913446755,0.07105781507134605,26.290128076471785,0.0017411626415214702,2151.9873733263303,1298.7958035145575,1213.7780202583388,45.677219701482095,0.0,0.0,0.0,4868.483222935707,770.8204069706985,0.0,1011.817962814723,81.79848923142288,930.0194735833002,13.588629366770842,13.236462730351558,101.13494011785606,7050.078830018461,6479.853567318594
base_plant_dynamic_50.csv,50.0,1,20,679.72455,2716.495849609375,0.057638805359601974,2696.7783203125,0.05720258131623268,19.717594146728516,4.3622698285616934E-4,3569.6874194211473,0.07279897771286753,3543.3972913446755,0.07105781507134605,26.290128076471785,0.0017411626415214702,2151.9873733263303,1298.7958035145575,1213.7780202583388,45.677219701482095,0.0,0.0,0.0,4868.483222935707,770.8204069706985,0.0,1011.817962814723,81.79848923142288,930.0194735833002,13.588629366770842,13.236462730351558,101.13494011785606,7050.078830018461,6479.853567318594
base_plant_dynamic_50.csv,50.0,1,21,695.25183,3151.23681640625,0.06445495039224625,3117.30419921875,0.06373018026351929,33.93263244628906,7.247664034366608E-4,4147.219030549807,0.08083832514875386,4101.975521334737,0.07854249619568437,45.24350921507043,0.0022958289530694825,2512.238713756996,1516.256499613439,1406.1106040785505,69.20858464966214,0.0,0.0,0.0,5663.475530163244,802.1063194209592,0.0,1134.0973644929097,90.71993953276558,1043.3774249601443,15.122153737746844,14.71129598859237,116.2570938556029,8184.176194511371,7523.230992278739
base_plant_dynamic_50.csv,50.0,1,21,695.25183,3151.23681640625,0.06445495039224625,3117.30419921875,0.06373018026351929,33.93263244628906,7.247664034366608E-4,4147.219030549807,0.08083832514875386,4101.975521334737,0.07854249619568437,45.24350921507043,0.0022958289530694825,2512.238713756996,1516.256499613439,1406.1106040785505,69.20858464966214,0.0,0.0,0.0,5663.475530163244,802.1063194209592,0.0,1134.0973644929097,90.71993953276558,1043.3774249601443,15.122153737746844,14.71129598859237,116.2570938556029,8184.176194511371,7523.230992278739
base_plant_dynamic_50.csv,50.0,1,22,710.7628,3641.0009765625,0.07164941728115082,3587.67333984375,0.07055267691612244,53.32795715332031,0.0010967470007017255,4797.935829006395,0.08932767503625243,4726.83189904286,0.0862707570529777,71.10392996353487,0.0030569179832747313,2918.0992888256787,1761.1644363817845,1619.5819904297748,98.91385271924378,0.0,0.0,0.0,6559.10026538818,836.028247403895,0.0,1258.7824189005207,100.18828756935835,1158.5941313311623,16.670474367259732,16.22748871718571,132.92756822286265,9442.958613411893,8681.825123609902
base_plant_dynamic_50.csv,50.0,1,22,710.7628,3641.0009765625,0.07164941728115082,3587.67333984375,0.07055267691612244,53.32795715332031,0.0010967470007017255,4797.935829006395,0.08932767503625243,4726.83189904286,0.0862707570529777,71.10392996353487,0.0030569179832747313,2918.0992888256787,1761.1644363817845,1619.5819904297748,98.91385271924378,0.0,0.0,0.0,6559.10026538818,836.028247403895,0.0,1258.7824189005207,100.18828756935835,1158.5941313311623,16.670474367259732,16.22748871718571,132.92756822286265,9442.958613411893,8681.825123609902
base_plant_dynamic_50.csv,50.0,1,23,726.2459,4053.1240234375,0.07916811108589172,3976.15283203125,0.07760544121265411,76.97102355957031,0.0015626735985279083,5347.034166366867,0.09805609177634075,5244.406136058768,0.09418228292196991,102.6280303080984,0.00387380885437084,3262.9457368664844,1969.035593937118,1794.0698370736975,131.99687083456948,0.0,0.0,0.0,7316.069760303987,841.9120425093229,0.0,1111.6680954384242,109.66226442486413,1002.00583101356,18.302023649799185,17.837600591380053,151.22959187266184,10554.626708850317,9683.830954623463
base_plant_dynamic_50.csv,50.0,1,23,726.2459,4053.1240234375,0.07916811108589172,3976.15283203125,0.07760544121265411,76.97102355957031,0.0015626735985279083,5347.034166366867,0.09805609177634075,5244.406136058768,0.09418228292196991,102.6280303080984,0.00387380885437084,3262.9457368664844,1969.035593937118,1794.0698370736975,131.99687083456948,0.0,0.0,0.0,7316.069760303987,841.9120425093229,0.0,1111.6680954384242,109.66226442486413,1002.00583101356,18.302023649799185,17.837600591380053,151.22959187266184,10554.626708850317,9683.830954623463
base_plant_dynamic_50.csv,50.0,1,24,741.72485,4470.626953125,0.08697154372930527,4364.287109375,0.08482960611581802,106.3397445678711,0.002141944831237197,5903.516861600674,0.10741010083530851,5761.730531265954,0.10222129976798736,141.78633033472107,0.005188801067321158,3615.037335160783,2182.1474266851096,1966.2027866044878,172.83370123593198,0.0,0.0,0.0,8085.664288285783,844.6953582379983,0.0,1140.9424023134427,119.30764080458664,1021.6347615088561,19.969827421576614,19.482413120044555,171.19941929423845,11695.56911116376,10705.46571613232
base_plant_dynamic_50.csv,50.0,1,24,741.72485,4470.626953125,0.08697154372930527,4364.287109375,0.08482960611581802,106.3397445678711,0.002141944831237197,5903.516861600674,0.10741010083530851,5761.730531265954,0.10222129976798736,141.78633033472107,0.005188801067321158,3615.037335160783,2182.1474266851096,1966.2027866044878,172.83370123593198,0.0,0.0,0.0,8085.664288285783,844.6953582379983,0.0,1140.9424023134427,119.30764080458664,1021.6347615088561,19.969827421576614,19.482413120044555,171.19941929423845,11695.56911116376,10705.46571613232
base_plant_dynamic_50.csv,50.0,1,25,757.1734,4789.5703125,0.09500282257795334,4649.1455078125,0.09213512390851974,140.4249725341797,0.002867709845304489,6330.01727676812,0.11684923406464426,6142.7840079474545,0.11029689215102856,187.23326882066516,0.006552341913615695,3891.420896960053,2350.973932691933,2089.9235127402526,218.8752181425765,52.435211337060835,551.9640502929688,0.0,8844.325969644,826.3609690626929,110.89954884688804,1197.3193828032627,128.7542759228901,1068.5651068803727,21.61689088823531,21.08085464506505,192.81631018247376,12892.888493967024,11774.030823012692
base_plant_dynamic_50.csv,50.0,1,25,757.1734,4789.5703125,0.09500282257795334,4649.1455078125,0.09213512390851974,140.4249725341797,0.002867709845304489,6330.01727676812,0.11684923406464426,6142.7840079474545,0.11029689215102856,187.23326882066516,0.006552341913615695,3891.420896960053,2350.973932691933,2089.9235127402526,218.8752181425765,52.435211337060835,551.9640502929688,0.0,8844.325969644,826.3609690626929,110.89954884688804,1197.3193828032627,128.7542759228901,1068.5651068803727,21.61689088823531,21.08085464506505,192.81631018247376,12892.888493967024,11774.030823012692
base_plant_dynamic_50.csv,50.0,1,26,772.59,5249.3994140625,0.10321325063705444,5063.9560546875,0.09946349263191223,185.4439239501953,0.0037497610319405794,6942.6459345828125,0.12667669102293455,6695.387394399314,0.11864336712284303,247.25854018349753,0.008033323900091526,4287.002379410118,2593.7558588898046,2273.4589551181625,277.7616330005137,140.16086118849947,1517.6817626953125,0.0,9917.296770801242,833.4159901088083,240.73411614012502,1579.902078024478,141.11899978139257,1438.7830782430854,23.288584300554813,22.682798391811414,216.10489448302857,14472.790571991502,13212.813901255777
base_plant_dynamic_50.csv,50.0,1,26,772.59,5249.3994140625,0.10321325063705444,5063.9560546875,0.09946349263191223,185.4439239501953,0.0037497610319405794,6942.6459345828125,0.12667669102293455,6695.387394399314,0.11864336712284303,247.25854018349753,0.008033323900091526,4287.002379410118,2593.7558588898046,2273.4589551181625,277.7616330005137,140.16086118849947,1517.6817626953125,0.0,9917.296770801242,833.4159901088083,240.73411614012502,1579.902078024478,141.11899978139257,1438.7830782430854,23.288584300554813,22.682798391811414,216.10489448302857,14472.790571991502,13212.813901255777
base_plant_dynamic_50.csv,50.0,1,27,788.0229,5647.677734375,0.1107620820403099,5409.7880859375,0.10596942901611328,237.889892578125,0.004792655818164349,7473.651595766829,0.13568459561173257,7156.465115855626,0.12603722806525358,317.1864799112018,0.009647367546479005,4655.236585846234,2829.262724454406,2444.6321521590257,342.0716748899193,299.5861015688886,3297.005859375,0.0,10967.99913474995,833.8789192142019,365.49871295982365,1584.7593012246323,154.58728402380612,1430.172017200826,24.99173948023827,24.279459288840474,241.09663396326684,16057.549873216134,14642.985918456603
base_plant_dynamic_50.csv,50.0,1,27,788.0229,5647.677734375,0.1107620820403099,5409.7880859375,0.10596942901611328,237.889892578125,0.004792655818164349,7473.651595766829,0.13568459561173257,7156.465115855626,0.12603722806525358,317.1864799112018,0.009647367546479005,4655.236585846234,2829.262724454406,2444.6321521590257,342.0716748899193,299.5861015688886,3297.005859375,0.0,10967.99913474995,833.8789192142019,365.49871295982365,1584.7593012246323,154.58728402380612,1430.172017200826,24.99173948023827,24.279459288840474,241.09663396326684,16057.549873216134,14642.985918456603
base_plant_dynamic_50.csv,50.0,1,28,803.4869,4868.10888671875,0.09566733241081238,4569.4931640625,0.08967209607362747,298.6153869628906,0.005995237268507481,6469.340842904954,0.11848906980930266,6071.187024413407,0.1070913680629874,398.1538184915473,0.011397701746315252,4673.14276183049,3071.9108056442856,2617.088473445217,412.2444405054158,508.1342090785165,5738.1591796875,0.0,10534.67866271524,834.2510843189045,485.2928050874815,1671.0390938005282,141.14867864800522,1529.890415152523,26.537168092304128,25.72585226334747,267.633802055571,17728.58896701666,16172.876333609125
base_plant_dynamic_50.csv,50.0,1,28,803.4869,4868.10888671875,0.09566733241081238,4569.4931640625,0.08967209607362747,298.6153869628906,0.005995237268507481,6469.340842904954,0.11848906980930266,6071.187024413407,0.1070913680629874,398.1538184915473,0.011397701746315252,4673.14276183049,3071.9108056442856,2617.088473445217,412.2444405054158,508.1342090785165,5738.1591796875,0.0,10534.67866271524,834.2510843189045,485.2928050874815,1671.0390938005282,141.14867864800522,1529.890415152523,26.537168092304128,25.72585226334747,267.633802055571,17728.58896701666,16172.876333609125
base_plant_dynamic_50.csv,50.0,1,29,818.982,5144.2763671875,0.1027744859457016,4782.8837890625,0.09541705250740051,361.39263916015625,0.007357433438301086,6837.98700452798,0.12700537528495048,6356.130258107013,0.113584888338504,481.8567464209663,0.013420486946446488,4951.316444083499,3257.6058067430195,2735.76677980329,480.100696286248,798.7498345006268,9086.2001953125,0.0,11595.47754499397,817.801122137724,701.1348992223443,1360.2635854133541,156.58862901747332,1203.6749563958808,28.11114633114591,27.238830285794265,295.7449483867169,19088.852552430017,17376.551290005005
base_plant_dynamic_50.csv,50.0,1,29,818.982,5144.2763671875,0.1027744859457016,4782.8837890625,0.09541705250740051,361.39263916015625,0.007357433438301086,6837.98700452798,0.12700537528495048,6356.130258107013,0.113584888338504,481.8567464209663,0.013420486946446488,4951.316444083499,3257.6058067430195,2735.76677980329,480.100696286248,798.7498345006268,9086.2001953125,0.0,11595.47754499397,817.801122137724,701.1348992223443,1360.2635854133541,156.58862901747332,1203.6749563958808,28.11114633114591,27.238830285794265,295.7449483867169,19088.852552430017,17376.551290005005
base_plant_dynamic_50.csv,50.0,1,30,834.4846,5567.7578125,0.11025640368461609,5127.16357421875,0.10137615352869034,440.59405517578125,0.008880248293280602,7402.434710573591,0.13581285264478346,6814.975974883179,0.12025747780144685,587.4587356904109,0.015555374843336597,5368.377844234234,3533.700946160642,2926.2002383078107,565.3785618089265,1198.1647710817128,13746.02734375,0.0,13077.29322500976,825.321419477575,942.992797193817,2285.0316438815316,173.52220542561952,2111.509438455912,29.585990691824815,28.61288751725691,325.3309390785417,21373.88419631155,19488.060728460918
base_plant_dynamic_50.csv,50.0,1,30,834.4846,5567.7578125,0.11025640368461609,5127.16357421875,0.10137615352869034,440.59405517578125,0.008880248293280602,7402.434710573591,0.13581285264478346,6814.975974883179,0.12025747780144685,587.4587356904109,0.015555374843336597,5368.377844234234,3533.700946160642,2926.2002383078107,565.3785618089265,1198.1647710817128,13746.02734375,0.0,13077.29322500976,825.321419477575,942.992797193817,2285.0316438815316,173.52220542561952,2111.509438455912,29.585990691824815,28.61288751725691,325.3309390785417,21373.88419631155,19488.060728460918
base_plant_dynamic_50.csv,50.0,1,31,849.958,5897.28271484375,0.11789480596780777,5376.61962890625,0.10732574015855789,520.6634521484375,0.010569067671895027,7842.024411659677,0.14510560663463604,7147.806512516567,0.12687702865324962,694.2178991431093,0.018228577981386454,5686.00705227706,3741.2653554611334,3050.424664553819,649.1619872922334,1718.7894943167612,19753.80859375,0.0,14461.14288221333,816.6328181315478,1159.063620775767,2156.085837487578,190.09441575064494,1965.991421736933,31.091834757854883,30.01796413748378,356.4227738363966,23529.970033799127,21454.05215019785
base_plant_dynamic_50.csv,50.0,1,31,849.958,5897.28271484375,0.11789480596780777,5376.61962890625,0.10732574015855789,520.6634521484375,0.010569067671895027,7842.024411659677,0.14510560663463604,7147.806512516567,0.12687702865324962,694.2178991431093,0.018228577981386454,5686.00705227706,3741.2653554611334,3050.424664553819,649.1619872922334,1718.7894943167612,19753.80859375,0.0,14461.14288221333,816.6328181315478,1159.063620775767,2156.085837487578,190.09441575064494,1965.991421736933,31.091834757854883,30.01796413748378,356.4227738363966,23529.970033799127,21454.05215019785
base_plant_dynamic_50.csv,50.0,1,32,865.4479,6282.6494140625,0.12479511648416519,5665.5849609375,0.11234230548143387,617.0651245117188,0.012452811002731323,8355.739680530554,0.15345763074141083,7532.986399257534,0.1324680232644736,822.7532812730219,0.02098960747693725,6069.901153344481,3996.810886876427,3203.5460543819872,751.3711038545334,2318.430765259325,26996.736328125,0.0,16049.844878726792,820.8459168309266,1378.8635460604823,2456.35192539201,208.55350528379805,2247.7984201082118,32.618620442547424,31.43116544124397,389.041394278944,25986.321959191137,23701.850570306062
base_plant_dynamic_50.csv,50.0,1,32,865.4479,6282.6494140625,0.12479511648416519,5665.5849609375,0.11234230548143387,617.0651245117188,0.012452811002731323,8355.739680530554,0.15345763074141083,7532.986399257534,0.1324680232644736,822.7532812730219,0.02098960747693725,6069.901153344481,3996.810886876427,3203.5460543819872,751.3711038545334,2318.430765259325,26996.736328125,0.0,16049.844878726792,820.8459168309266,1378.8635460604823,2456.35192539201,208.55350528379805,2247.7984201082118,32.618620442547424,31.43116544124397,389.041394278944,25986.321959191137,23701.850570306062
base_plant_dynamic_50.csv,50.0,1,33,880.9092,6610.830078125,0.13197344541549683,5893.453125,0.11744818836450577,717.3775024414062,0.014525261707603931,8793.428979702665,0.16200657506031016,7836.92549849111,0.1381179878710143,956.5034812115546,0.023888587189295814,6382.701502031599,4200.102600453935,3304.0360917260646,854.3986676721004,3018.3691774516055,35249.13671875,0.0,17587.179701326477,816.4199822788623,1575.2789437182646,2434.641398662249,225.6494025331809,2208.991996129068,33.9338305512003,32.66325150812334,422.97522483014427,28420.963357853387,25910.84256643513
base_plant_dynamic_50.csv,50.0,1,33,880.9092,6610.830078125,0.13197344541549683,5893.453125,0.11744818836450577,717.3775024414062,0.014525261707603931,8793.428979702665,0.16200657506031016,7836.92549849111,0.1381179878710143,956.5034812115546,0.023888587189295814,6382.701502031599,4200.102600453935,3304.0360917260646,854.3986676721004,3018.3691774516055,35249.13671875,0.0,17587.179701326477,816.4199822788623,1575.2789437182646,2434.641398662249,225.6494025331809,2208.991996129068,33.9338305512003,32.66325150812334,422.97522483014427,28420.963357853387,25910.84256643513
base_plant_dynamic_50.csv,50.0,1,34,896.36237,6860.16015625,0.13937118649482727,6043.8837890625,0.1225927546620369,816.2753295898438,0.016778433695435524,9126.251962265145,0.17070428287071884,8037.884737104445,0.1437764982144148,1088.3672251607027,0.026927784656304053,6614.417507318411,4348.325701303265,3356.170008345841,951.2545896813153,3892.012640301402,45055.21875,0.0,19215.58421621203,801.3968846423633,1848.9939123422246,2626.7176476715445,242.9675629842613,2383.750084687283,35.26828261371837,33.92378333453041,458.24350744386265,31047.68100552493,28294.592651122413
base_plant_dynamic_50.csv,50.0,1,34,896.36237,6860.16015625,0.13937118649482727,6043.8837890625,0.1225927546620369,816.2753295898438,0.016778433695435524,9126.251962265145,0.17070428287071884,8037.884737104445,0.1437764982144148,1088.3672251607027,0.026927784656304053,6614.417507318411,4348.325701303265,3356.170008345841,951.2545896813153,3892.012640301402,45055.21875,0.0,19215.58421621203,801.3968846423633,1848.9939123422246,2626.7176476715445,242.9675629842613,2383.750084687283,35.26828261371837,33.92378333453041,458.24350744386265,31047.68100552493,28294.592651122413
base_plant_dynamic_50.csv,50.0,1,35,911.86676,7100.3642578125,0.14694055914878845,6181.0537109375,0.12773461639881134,919.3107299804688,0.019205933436751366,9446.925588782837,0.17951051382859878,8221.177860388214,0.14940313230345237,1225.7477283946257,0.03010738152514637,6847.745211085992,4501.1838801156555,3412.460317492796,1048.6153387924849,4934.9615755866225,56531.390625,0.0,20999.556424885854,785.8615795573016,2116.48538040073,2873.359451047922,264.28551501159865,2609.073936036323,36.700152941348286,35.222734694050416,494.94366038521093,33921.04045657285,30903.666587158736
base_plant_dynamic_50.csv,50.0,1,35,911.86676,7100.3642578125,0.14694055914878845,6181.0537109375,0.12773461639881134,919.3107299804688,0.019205933436751366,9446.925588782837,0.17951051382859878,8221.177860388214,0.14940313230345237,1225.7477283946257,0.03010738152514637,6847.745211085992,4501.1838801156555,3412.460317492796,1048.6153387924849,4934.9615755866225,56531.390625,0.0,20999.556424885854,785.8615795573016,2116.48538040073,2873.359451047922,264.28551501159865,2609.073936036323,36.700152941348286,35.222734694050416,494.94366038521093,33921.04045657285,30903.666587158736
base_plant_dynamic_50.csv,50.0,1,36,927.26117,7298.9814453125,0.15358760952949524,6272.94775390625,0.1318204700946808,1026.03369140625,0.021767131984233856,9712.116728581805,0.18739763842348214,8344.07184730767,0.1538831907017356,1368.0448812741365,0.033514447721746485,7067.826052872719,4654.690769603413,3468.002948317033,1147.3107130321062,6124.043166799098,69525.046875,0.0,22849.500988319473,771.5364465395857,2358.6503233351655,2982.007266241504,284.2315977271894,2697.775668514315,38.118399102161966,36.53825574349279,533.062059487373,36903.04772281436,33601.44225567305
base_plant_dynamic_50.csv,50.0,1,36,927.26117,7298.9814453125,0.15358760952949524,6272.94775390625,0.1318204700946808,1026.03369140625,0.021767131984233856,9712.116728581805,0.18739763842348214,8344.07184730767,0.1538831907017356,1368.0448812741365,0.033514447721746485,7067.826052872719,4654.690769603413,3468.002948317033,1147.3107130321062,6124.043166799098,69525.046875,0.0,22849.500988319473,771.5364465395857,2358.6503233351655,2982.007266241504,284.2315977271894,2697.775668514315,38.118399102161966,36.53825574349279,533.062059487373,36903.04772281436,33601.44225567305
base_plant_dynamic_50.csv,50.0,1,37,942.6948,7468.21484375,0.1604071855545044,6335.716796875,0.13593292236328125,1132.498779296875,0.0244742538779974,9938.184475506661,0.19537736125390243,8428.186195731156,0.15836876385515888,1509.998279775507,0.03700859739874349,7254.667896464292,4784.698264707632,3502.971730362739,1243.1843247264849,7466.582554878082,83707.078125,0.0,24759.23663822123,755.1778373046291,2569.771343128841,3076.8726934334204,306.37995431351004,2770.4927391199103,39.3689653226937,37.68175626021999,572.4310248100667,39979.920416247776,36371.93499479296
base_plant_dynamic_50.csv,50.0,1,37,942.6948,7468.21484375,0.1604071855545044,6335.716796875,0.13593292236328125,1132.498779296875,0.0244742538779974,9938.184475506661,0.19537736125390243,8428.186195731156,0.15836876385515888,1509.998279775507,0.03700859739874349,7254.667896464292,4784.698264707632,3502.971730362739,1243.1843247264849,7466.582554878082,83707.078125,0.0,24759.23663822123,755.1778373046291,2569.771343128841,3076.8726934334204,306.37995431351004,2770.4927391199103,39.3689653226937,37.68175626021999,572.4310248100667,39979.920416247776,36371.93499479296
base_plant_dynamic_50.csv,50.0,1,38,958.1641,7623.9326171875,0.16792544722557068,6388.3193359375,0.14060303568840027,1235.612548828125,0.027322396636009216,10146.306016233144,0.20443060629052423,8498.822738616112,0.1634245582743383,1647.483277617032,0.04100604801618591,7411.553486190931,4889.180087145287,3515.7975879754886,1335.8311682236642,8960.616625236435,98783.53125,0.0,26741.36284784767,735.7630289641884,2745.260119232813,3170.560437801291,330.54830566556507,2840.0121321357256,40.59934554448556,38.82234300740234,613.0303703545522,43150.48085404907,39211.94712692869
base_plant_dynamic_50.csv,50.0,1,38,958.1641,7623.9326171875,0.16792544722557068,6388.3193359375,0.14060303568840027,1235.612548828125,0.027322396636009216,10146.306016233144,0.20443060629052423,8498.822738616112,0.1634245582743383,1647.483277617032,0.04100604801618591,7411.553486190931,4889.180087145287,3515.7975879754886,1335.8311682236642,8960.616625236435,98783.53125,0.0,26741.36284784767,735.7630289641884,2745.260119232813,3170.560437801291,330.54830566556507,2840.0121321357256,40.59934554448556,38.82234300740234,613.0303703545522,43150.48085404907,39211.94712692869
base_plant_dynamic_50.csv,50.0,1,39,973.54114,7745.1064453125,0.17524570226669312,6409.08154296875,0.14494971930980682,1336.02490234375,0.03029598668217659,10308.40067788523,0.21311965888518114,8527.034328398411,0.16811810524669124,1781.3663494868215,0.04500155363848985,7541.709941502719,4978.415708929988,3515.2155387077532,1426.6935905466091,10642.166867449987,115066.046875,0.0,28817.819101793684,715.292666398152,2888.8358475284745,3271.7280935191206,353.90686605140377,2917.821227467717,41.9300338139965,39.96541944959763,654.9604041685487,46422.20894756819,42129.76835439641
base_plant_dynamic_50.csv,50.0,1,39,973.54114,7745.1064453125,0.17524570226669312,6409.08154296875,0.14494971930980682,1336.02490234375,0.03029598668217659,10308.40067788523,0.21311965888518114,8527.034328398411,0.16811810524669124,1781.3663494868215,0.04500155363848985,7541.709941502719,4978.415708929988,3515.2155387077532,1426.6935905466091,10642.166867449987,115066.046875,0.0,28817.819101793684,715.292666398152,2888.8358475284745,3271.7280935191206,353.90686605140377,2917.821227467717,41.9300338139965,39.96541944959763,654.9604041685487,46422.20894756819,42129.76835439641
base_plant_dynamic_50.csv,50.0,1,40,988.9967,7790.7490234375,0.18235637247562408,6363.63525390625,0.14894475042819977,1427.11376953125,0.03341161459684372,10369.893292990084,0.22150438327322242,8467.075087165515,0.17242303720699215,1902.81820582457,0.049081346066230214,7606.530210058456,5027.385940505873,3484.8777026179164,1507.2698384364053,12509.659743579956,131885.90625,0.0,31007.323823382107,690.4445425253276,3100.3848463061745,3365.7859030378895,381.2808448954136,2984.5050581424757,43.14741382645184,41.0415397003297,698.1078179950006,49787.99485060608,45114.27341253888
base_plant_dynamic_50.csv,50.0,1,40,988.9967,7790.7490234375,0.18235637247562408,6363.63525390625,0.14894475042819977,1427.11376953125,0.03341161459684372,10369.893292990084,0.22150438327322242,8467.075087165515,0.17242303720699215,1902.81820582457,0.049081346066230214,7606.530210058456,5027.385940505873,3484.8777026179164,1507.2698384364053,12509.659743579956,131885.90625,0.0,31007.323823382107,690.4445425253276,3100.3848463061745,3365.7859030378895,381.2808448954136,2984.5050581424757,43.14741382645184,41.0415397003297,698.1078179950006,49787.99485060608,45114.27341253888
base_plant_dynamic_50.csv,50.0,1,41,1004.4296,7987.2158203125,0.18769830465316772,6459.33984375,0.1517934501171112,1527.8773193359375,0.03590487316250801,10631.92513952241,0.2277814745996356,8594.75548430629,0.1754873273606678,2037.1696552161181,0.05229414723896785,7818.487240812687,5173.7779216027775,3537.474080942015,1601.210618786913,14079.221214266914,147986.53125,0.0,33195.838918675065,687.6000016897917,3310.9146432829657,3456.603062932544,408.48750874813396,3048.11555418441,44.34822470986818,42.082450435495645,742.4560427048688,53244.59791353863,48162.388966723294
base_plant_dynamic_50.csv,50.0,1,41,1004.4296,7987.2158203125,0.18769830465316772,6459.33984375,0.1517934501171112,1527.8773193359375,0.03590487316250801,10631.92513952241,0.2277814745996356,8594.75548430629,0.1754873273606678,2037.1696552161181,0.05229414723896785,7818.487240812687,5173.7779216027775,3537.474080942015,1601.210618786913,14079.221214266914,147986.53125,0.0,33195.838918675065,687.6000016897917,3310.9146432829657,3456.603062932544,408.48750874813396,3048.11555418441,44.34822470986818,42.082450435495645,742.4560427048688,53244.59791353863,48162.388966723294
base_plant_dynamic_50.csv,50.0,1,42,1019.81244,8188.603515625,0.19243088364601135,6562.15625,0.15420959889888763,1626.44775390625,0.03822127357125282,10900.441058670971,0.23333223718071397,8731.843489755265,0.17808254868258158,2168.5975689157053,0.05524968849813242,8035.698815443808,5323.861272397837,3595.7046240575905,1693.0634264663947,15684.329186535031,164858.84375,0.0,35409.2673067116,687.6000016897917,3500.635789107768,3522.8959377950196,425.8422192263048,3097.053718568715,45.221393931796925,42.83955103420582,787.6774366366657,56767.49385133365,51259.44268529201
base_plant_dynamic_50.csv,50.0,1,42,1019.81244,8188.603515625,0.19243088364601135,6562.15625,0.15420959889888763,1626.44775390625,0.03822127357125282,10900.441058670971,0.23333223718071397,8731.843489755265,0.17808254868258158,2168.5975689157053,0.05524968849813242,8035.698815443808,5323.861272397837,3595.7046240575905,1693.0634264663947,15684.329186535031,164858.84375,0.0,35409.2673067116,687.6000016897917,3500.635789107768,3522.8959377950196,425.8422192263048,3097.053718568715,45.221393931796925,42.83955103420582,787.6774366366657,56767.49385133365,51259.44268529201
base_plant_dynamic_50.csv,50.0,1,43,1035.2493,7910.5302734375,0.18589620292186737,6654.259765625,0.1563740223646164,1256.27099609375,0.02952216938138008,10529.675897007026,0.2243307278316284,8854.64787934845,0.18040502982799794,1675.028017658574,0.04392569800363041,8088.968290448329,5469.822666878803,3650.068486803478,1784.6609582014758,17373.00408486769,182606.8125,0.0,37047.796122671425,687.6000016897917,3675.2934739178945,3577.865501732721,430.23280927718366,3147.6326924555374,45.962450426060286,43.396585427556644,833.639887062726,60345.35935306637,54407.07537774755
base_plant_dynamic_50.csv,50.0,1,43,1035.2493,7910.5302734375,0.18589620292186737,6654.259765625,0.1563740223646164,1256.27099609375,0.02952216938138008,10529.675897007026,0.2243307278316284,8854.64787934845,0.18040502982799794,1675.028017658574,0.04392569800363041,8088.968290448329,5469.822666878803,3650.068486803478,1784.6609582014758,17373.00408486769,182606.8125,0.0,37047.796122671425,687.6000016897917,3675.2934739178945,3577.865501732721,430.23280927718366,3147.6326924555374,45.962450426060286,43.396585427556644,833.639887062726,60345.35935306637,54407.07537774755
base_plant_dynamic_50.csv,50.0,1,44,1050.614,8077.85546875,0.1898283064365387,6732.96484375,0.15822358429431915,1344.890869140625,0.03160473331809044,10752.776844552933,0.22903553479975072,8959.588639858111,0.18238850155449532,1793.1882046948176,0.0466470332452554,8284.076966062148,5609.155590259215,3699.9124254629764,1874.1499429223902,19134.490616333394,201121.78125,0.0,39329.30131160786,687.6000016897917,3832.8782604623557,3630.8600872672646,441.75282628167537,3189.107260985589,46.63677368077705,43.966881313741034,880.276660743503,63976.21944033363,57596.18263873314
base_plant_dynamic_50.csv,50.0,1,44,1050.614,8077.85546875,0.1898283064365387,6732.96484375,0.15822358429431915,1344.890869140625,0.03160473331809044,10752.776844552933,0.22903553479975072,8959.588639858111,0.18238850155449532,1793.1882046948176,0.0466470332452554,8284.076966062148,5609.155590259215,3699.9124254629764,1874.1499429223902,19134.490616333394,201121.78125,0.0,39329.30131160786,687.6000016897917,3832.8782604623557,3630.8600872672646,441.75282628167537,3189.107260985589,46.63677368077705,43.966881313741034,880.276660743503,63976.21944033363,57596.18263873314
base_plant_dynamic_50.csv,50.0,1,45,1065.9596,8231.935546875,0.19344918429851532,6800.3896484375,0.15980805456638336,1431.5469970703125,0.033641133457422256,10958.217406528758,0.23335757624456746,9049.48797622021,0.18408628746440509,1908.7294303085475,0.04927128878016228,8467.046661494402,5740.764801840645,3745.815169414331,1959.8564105524642,20966.969580674013,220382.875,0.0,41639.02197447666,687.6000016897917,3973.0701854332638,3678.645177586151,451.8254041975812,3226.81977338857,47.23232060301518,44.441352298976284,927.5089813465182,67654.86461791978,60823.00241212171
base_plant_dynamic_50.csv,50.0,1,45,1065.9596,8231.935546875,0.19344918429851532,6800.3896484375,0.15980805456638336,1431.5469970703125,0.033641133457422256,10958.217406528758,0.23335757624456746,9049.48797622021,0.18408628746440509,1908.7294303085475,0.04927128878016228,8467.046661494402,5740.764801840645,3745.815169414331,1959.8564105524642,20966.969580674013,220382.875,0.0,41639.02197447666,687.6000016897917,3973.0701854332638,3678.645177586151,451.8254041975812,3226.81977338857,47.23232060301518,44.441352298976284,927.5089813465182,67654.86461791978,60823.00241212171
base_plant_dynamic_50.csv,50.0,1,46,1081.2559,8378.853515625,0.19690170884132385,6861.2470703125,0.1612381935119629,1517.607421875,0.03566353768110275,11154.107544893213,0.2374647137855176,9130.630789164394,0.1856168356019431,2023.4767557288171,0.05184787818357447,8642.451193435852,5867.197164167639,3788.732260527169,2043.3716817666225,22853.29392550816,240208.140625,0.0,43974.991011109494,687.6000016897917,4100.392376540484,3717.493224003975,455.2710075646642,3262.2222164393106,47.76396949492279,44.74844669664528,975.272950841441,71372.35784192376,64085.224628561016
base_plant_dynamic_50.csv,50.0,1,46,1081.2559,8378.853515625,0.19690170884132385,6861.2470703125,0.1612381935119629,1517.607421875,0.03566353768110275,11154.107544893213,0.2374647137855176,9130.630789164394,0.1856168356019431,2023.4767557288171,0.05184787818357447,8642.451193435852,5867.197164167639,3788.732260527169,2043.3716817666225,22853.29392550816,240208.140625,0.0,43974.991011109494,687.6000016897917,4100.392376540484,3717.493224003975,455.2710075646642,3262.2222164393106,47.76396949492279,44.74844669664528,975.272950841441,71372.35784192376,64085.224628561016
base_plant_dynamic_50.csv,50.0,1,47,1096.5247,8517.79296875,0.2001667469739914,6914.7763671875,0.16249610483646393,1603.0177001953125,0.03767065331339836,11339.359625188146,0.24133949059756865,9202.003160682849,0.18696183128618832,2137.3564645052925,0.054377659311380354,8809.358667053064,5987.792010614916,3828.4500055991634,2124.2487831419035,24788.09623276225,260543.75,0.0,46330.78201026969,687.6000016897917,4215.534141704402,3754.311912985136,465.618246542595,3288.693666442541,48.23872915965188,45.09301095912444,1023.5116800010928,75126.6697549089,67373.91829500356
base_plant_dynamic_50.csv,50.0,1,47,1096.5247,8517.79296875,0.2001667469739914,6914.7763671875,0.16249610483646393,1603.0177001953125,0.03767065331339836,11339.359625188146,0.24133949059756865,9202.003160682849,0.18696183128618832,2137.3564645052925,0.054377659311380354,8809.358667053064,5987.792010614916,3828.4500055991634,2124.2487831419035,24788.09623276225,260543.75,0.0,46330.78201026969,687.6000016897917,4215.534141704402,3754.311912985136,465.618246542595,3288.693666442541,48.23872915965188,45.09301095912444,1023.5116800010928,75126.6697549089,67373.91829500356
base_plant_dynamic_50.csv,50.0,1,48,1111.791,8645.8330078125,0.20317569375038147,6959.427734375,0.1635454148054123,1686.4063720703125,0.03963027894496918,11510.080235690928,0.24490624098756614,9261.538483855558,0.1880831047365028,2248.5417518353665,0.05682313625106335,8964.859787617774,6100.6125597393475,3864.67561492473,2200.8437229407664,26775.06682820877,281428.59375,0.0,48703.176077385906,687.6000016897917,4317.416453746872,3787.7941847607494,477.28428042739165,3310.5099043333576,48.66626874319528,45.37719248734641,1072.1779487442882,78914.46393966964,70684.42819933692
base_plant_dynamic_50.csv,50.0,1,48,1111.791,8645.8330078125,0.20317569375038147,6959.427734375,0.1635454148054123,1686.4063720703125,0.03963027894496918,11510.080235690928,0.24490624098756614,9261.538483855558,0.1880831047365028,2248.5417518353665,0.05682313625106335,8964.859787617774,6100.6125597393475,3864.67561492473,2200.8437229407664,26775.06682820877,281428.59375,0.0,48703.176077385906,687.6000016897917,4317.416453746872,3787.7941847607494,477.28428042739165,3310.5099043333576,48.66626874319528,45.37719248734641,1072.1779487442882,78914.46393966964,70684.42819933692
base_plant_dynamic_50.csv,50.0,1,49,1127.0138,8763.8310546875,0.2059486210346222,6995.251953125,0.1643872857093811,1768.579833984375,0.04156133532524109,11667.410440238069,0.2481954145725114,9309.30457262209,0.1889825889797917,2358.105867615976,0.05921282559271968,9112.066801434157,6208.487415883586,3899.1503322513604,2274.2438617583784,28806.71734455203,302781.25,0.0,51091.17089870138,687.6000016897917,4408.555698027714,3817.3435496516954,486.089923821557,3331.2536258301384,49.06117956092258,45.58694820137257,1121.2391283052107,82731.80748932133,74015.68182516706
base_plant_dynamic_50.csv,50.0,1,49,1127.0138,8763.8310546875,0.2059486210346222,6995.251953125,0.1643872857093811,1768.579833984375,0.04156133532524109,11667.410440238069,0.2481954145725114,9309.30457262209,0.1889825889797917,2358.105867615976,0.05921282559271968,9112.066801434157,6208.487415883586,3899.1503322513604,2274.2438617583784,28806.71734455203,302781.25,0.0,51091.17089870138,687.6000016897917,4408.555698027714,3817.3435496516954,486.089923821557,3331.2536258301384,49.06117956092258,45.58694820137257,1121.2391283052107,82731.80748932133,74015.68182516706
base_plant_dynamic_50.csv,50.0,1,50,1142.2472,8465.4248046875,0.1989361196756363,7024.3876953125,0.1650719791650772,1441.03759765625,0.03386415168642998,11269.535907474352,0.2384807930320425,9348.152706478835,0.18971388294244507,1921.3832009955133,0.04876691008959745,9116.189500409746,6312.078397622896,3931.9025678163903,2345.082607932658,30896.63965609882,324747.15625,0.0,52966.77000235039,687.6000016897917,4488.51604115436,3844.9361269282526,486.06443103233005,3358.8716958959226,49.387484198877274,45.79387807667676,1170.626612504088,86576.74361624959,77374.55352106299
base_plant_dynamic_50.csv,50.0,1,50,1142.2472,8465.4248046875,0.1989361196756363,7024.3876953125,0.1650719791650772,1441.03759765625,0.03386415168642998,11269.535907474352,0.2384807930320425,9348.152706478835,0.18971388294244507,1921.3832009955133,0.04876691008959745,9116.189500409746,6312.078397622896,3931.9025678163903,2345.082607932658,30896.63965609882,324747.15625,0.0,52966.77000235039,687.6000016897917,4488.51604115436,3844.9361269282526,486.06443103233005,3358.8716958959226,49.387484198877274,45.79387807667676,1170.626612504088,86576.74361624959,77374.55352106299
base_plant_dynamic_50.csv,50.0,1,51,1157.6676,8560.9365234375,0.20118066668510437,7049.587890625,0.1656641811132431,1511.3504638671875,0.035516493022441864,11396.886601319735,0.24114573067942108,9381.752918453922,0.19034567129440844,2015.1336828658093,0.05080005938501264,9246.392644419728,6410.442566537495,3962.1464542986137,2413.2028903650316,33013.72760049453,346998.65625,0.0,55381.010865475546,687.6000016897917,4559.954097123776,3867.7808790891404,501.79796986235857,3365.982909226782,49.687989469300256,45.94452734106815,1220.314601973388,90444.52449533873,80740.53643028977
base_plant_dynamic_50.csv,50.0,1,51,1157.6676,8560.9365234375,0.20118066668510437,7049.587890625,0.1656641811132431,1511.3504638671875,0.035516493022441864,11396.886601319735,0.24114573067942108,9381.752918453922,0.19034567129440844,2015.1336828658093,0.05080005938501264,9246.392644419728,6410.442566537495,3962.1464542986137,2413.2028903650316,33013.72760049453,346998.65625,0.0,55381.010865475546,687.6000016897917,4559.954097123776,3867.7808790891404,501.79796986235857,3365.982909226782,49.687989469300256,45.94452734106815,1220.314601973388,90444.52449533873,80740.53643028977
base_plant_dynamic_50.csv,50.0,1,52,1173.0496,8647.5390625,0.2032158076763153,7069.7978515625,0.16613911092281342,1577.7431640625,0.037076711654663086,11512.356311222562,0.24355751571787165,9408.69883468854,0.19085188289400828,2103.6574765340183,0.052705632823863396,9365.356002965767,6500.538754243207,3988.939988184676,2476.5055441846835,35098.99560665038,368915.71875,0.0,57799.86897915795,687.6000016897917,4687.978307041806,3884.3464614315526,509.0464806365636,3375.299980794989,49.89631230825083,46.00368994871659,1270.210914281639,94328.87095677029,84115.83641108475
base_plant_dynamic_50.csv,50.0,1,52,1173.0496,8647.5390625,0.2032158076763153,7069.7978515625,0.16613911092281342,1577.7431640625,0.037076711654663086,11512.356311222562,0.24355751571787165,9408.69883468854,0.19085188289400828,2103.6574765340183,0.052705632823863396,9365.356002965767,6500.538754243207,3988.939988184676,2476.5055441846835,35098.99560665038,368915.71875,0.0,57799.86897915795,687.6000016897917,4687.978307041806,3884.3464614315526,509.0464806365636,3375.299980794989,49.89631230825083,46.00368994871659,1270.210914281639,94328.87095677029,84115.83641108475
base_plant_dynamic_50.csv,50.0,1,53,1188.4918,8717.9384765625,0.20487016439437866,7083.3671875,0.16645798087120056,1634.572998046875,0.038412198424339294,11606.221402234465,0.24551779705124538,9426.791250742051,0.19119154549048106,2179.4301514924095,0.05432625156076432,9463.198102519214,6574.915176847251,4010.4206401106862,2529.401314862714,37069.391610740786,389628.875,0.0,60218.042704720014,687.6000016897917,4967.514514897528,3901.7396594196775,519.2434357144343,3382.496223705243,50.19106503759841,46.06080550709987,1320.4019793192374,98230.61061618997,87498.33263478999
base_plant_dynamic_50.csv,50.0,1,53,1188.4918,8717.9384765625,0.20487016439437866,7083.3671875,0.16645798087120056,1634.572998046875,0.038412198424339294,11606.221402234465,0.24551779705124538,9426.791250742051,0.19119154549048106,2179.4301514924095,0.05432625156076432,9463.198102519214,6574.915176847251,4010.4206401106862,2529.401314862714,37069.391610740786,389628.875,0.0,60218.042704720014,687.6000016897917,4967.514514897528,3901.7396594196775,519.2434357144343,3382.496223705243,50.19106503759841,46.06080550709987,1320.4019793192374,98230.61061618997,87498.33263478999
base_plant_dynamic_50.csv,50.0,1,54,1204.074,8779.982421875,0.20632819831371307,7091.935546875,0.16665932536125183,1688.04931640625,0.03966888412833214,11688.947325939807,0.2472491100151413,9438.215314601284,0.1914059284717749,2250.7320113385185,0.05584318154336643,9552.0175124979,6643.052608433092,4030.203616262101,2577.7557702971394,39080.55326152949,410767.09375,0.0,62635.84264589624,687.6000016897917,5223.2894499938775,3912.136436906479,531.959791178541,3380.176645727938,50.41448268153028,46.01802596585089,1370.8164620007676,102142.74705309645,90878.50928051793
base_plant_dynamic_50.csv,50.0,1,54,1204.074,8779.982421875,0.20632819831371307,7091.935546875,0.16665932536125183,1688.04931640625,0.03966888412833214,11688.947325939807,0.2472491100151413,9438.215314601284,0.1914059284717749,2250.7320113385185,0.05584318154336643,9552.0175124979,6643.052608433092,4030.203616262101,2577.7557702971394,39080.55326152949,410767.09375,0.0,62635.84264589624,687.6000016897917,5223.2894499938775,3912.136436906479,531.959791178541,3380.176645727938,50.41448268153028,46.01802596585089,1370.8164620007676,102142.74705309645,90878.50928051793
base_plant_dynamic_50.csv,50.0,1,55,1219.6097,8833.22265625,0.2075793296098709,7095.1962890625,0.16673597693443298,1738.02783203125,0.040843378752470016,11759.933918475928,0.24874108646691134,9442.56387329776,0.19148751680032147,2317.370045178164,0.057253569666589905,9631.18384495657,6704.472582730639,4048.112908105572,2621.266452751219,41133.28886702143,432343.9375,0.0,65056.078057615174,687.6000016897917,5458.382689387174,3918.9698062505845,537.0518073810739,3381.9179988695105,50.567656316911375,45.90134792264418,1421.384118317679,106061.71685934703,94260.42727938744
base_plant_dynamic_50.csv,50.0,1,55,1219.6097,8833.22265625,0.2075793296098709,7095.1962890625,0.16673597693443298,1738.02783203125,0.040843378752470016,11759.933918475928,0.24874108646691134,9442.56387329776,0.19148751680032147,2317.370045178164,0.057253569666589905,9631.18384495657,6704.472582730639,4048.112908105572,2621.266452751219,41133.28886702143,432343.9375,0.0,65056.078057615174,687.6000016897917,5458.382689387174,3918.9698062505845,537.0518073810739,3381.9179988695105,50.567656316911375,45.90134792264418,1421.384118317679,106061.71685934703,94260.42727938744
base_plant_dynamic_50.csv,50.0,1,56,1235.0632,8879.8154296875,0.20867425203323364,7095.1962890625,0.16673597693443298,1784.620361328125,0.04193830117583275,11822.057798406242,0.25005041845008996,9442.56387329776,0.19148751680032147,2379.493925108477,0.05856290164976849,9702.4540109035,6760.21164218476,4064.3251975389508,2660.7932227719607,43219.79131772018,454273.9375,0.0,67478.98064703724,687.6000016897917,5676.919888726071,3923.587162377319,539.2960052108953,3384.291157166424,50.67474407088041,45.79351418047037,1472.0588623885594,109985.30402172434,97644.71843655387
base_plant_dynamic_50.csv,50.0,1,56,1235.0632,8879.8154296875,0.20867425203323364,7095.1962890625,0.16673597693443298,1784.620361328125,0.04193830117583275,11822.057798406242,0.25005041845008996,9442.56387329776,0.19148751680032147,2379.493925108477,0.05856290164976849,9702.4540109035,6760.21164218476,4064.3251975389508,2660.7932227719607,43219.79131772018,454273.9375,0.0,67478.98064703724,687.6000016897917,5676.919888726071,3923.587162377319,539.2960052108953,3384.291157166424,50.67474407088041,45.79351418047037,1472.0588623885594,109985.30402172434,97644.71843655387
base_plant_dynamic_50.csv,50.0,1,57,1250.451,8590.611328125,0.20187801122665405,7095.1962890625,0.16673597693443298,1495.4169921875,0.03514206409454346,11436.452888595566,0.24050385901737797,9442.56387329776,0.19148751680032147,1993.8890152978022,0.04901634221705651,9656.878862164678,6811.037301694112,4078.95335180991,2696.990728010354,45343.035525558036,476590.09375,0.0,69472.80859938911,687.6000016897917,5882.282883541443,3924.7687424112164,534.4054320417322,3390.363310369484,50.76347375219709,45.62804768412583,1522.8223361407565,113910.07276413556,101035.08174692336
base_plant_dynamic_50.csv,50.0,1,57,1250.451,8590.611328125,0.20187801122665405,7095.1962890625,0.16673597693443298,1495.4169921875,0.03514206409454346,11436.452888595566,0.24050385901737797,9442.56387329776,0.19148751680032147,1993.8890152978022,0.04901634221705651,9656.878862164678,6811.037301694112,4078.95335180991,2696.990728010354,45343.035525558036,476590.09375,0.0,69472.80859938911,687.6000016897917,5882.282883541443,3924.7687424112164,534.4054320417322,3390.363310369484,50.76347375219709,45.62804768412583,1522.8223361407565,113910.07276413556,101035.08174692336
base_plant_dynamic_50.csv,50.0,1,58,1265.942,8622.66015625,0.2026311457157135,7095.1962890625,0.16673597693443298,1527.465576171875,0.035895198583602905,11479.184415111358,0.2414049942742738,9442.56387329776,0.19148751680032147,2036.620541813594,0.049917477473952365,9711.744709544371,6855.220450683015,4091.1476576890095,2728.9795711201555,47443.18146069748,498666.09375,0.0,71893.1171335073,687.6000016897917,6115.530807015427,3923.9155606639224,543.0408513171516,3380.874709346771,50.802799809019845,45.414220852758966,1573.6251359497764,117833.98832479949,104415.95645627013
base_plant_dynamic_50.csv,50.0,1,58,1265.942,8622.66015625,0.2026311457157135,7095.1962890625,0.16673597693443298,1527.465576171875,0.035895198583602905,11479.184415111358,0.2414049942742738,9442.56387329776,0.19148751680032147,2036.620541813594,0.049917477473952365,9711.744709544371,6855.220450683015,4091.1476576890095,2728.9795711201555,47443.18146069748,498666.09375,0.0,71893.1171335073,687.6000016897917,6115.530807015427,3923.9155606639224,543.0408513171516,3380.874709346771,50.802799809019845,45.414220852758966,1573.6251359497764,117833.98832479949,104415.95645627013
base_plant_dynamic_50.csv,50.0,1,59,1281.5006,8651.67578125,0.20331302285194397,7095.1962890625,0.16673597693443298,1556.4814453125,0.03657706826925278,11517.872324541819,0.24221823660076536,9442.56387329776,0.19148751680032147,2075.3084512440546,0.050730719800443885,9760.985875461272,6894.789332169454,4101.694826943221,2758.001283352385,49568.08776846844,520999.78125,0.0,74310.47214625716,687.6000016897917,6329.722721077508,3925.3515164154655,550.0024198103401,3375.3490966051254,50.92112025642608,45.24319654350948,1624.5462562062025,121759.33984121495,107791.30555287526
base_plant_dynamic_50.csv,50.0,1,59,1281.5006,8651.67578125,0.20331302285194397,7095.1962890625,0.16673597693443298,1556.4814453125,0.03657706826925278,11517.872324541819,0.24221823660076536,9442.56387329776,0.19148751680032147,2075.3084512440546,0.050730719800443885,9760.985875461272,6894.789332169454,4101.694826943221,2758.001283352385,49568.08776846844,520999.78125,0.0,74310.47214625716,687.6000016897917,6329.722721077508,3925.3515164154655,550.0024198103401,3375.3490966051254,50.92112025642608,45.24319654350948,1624.5462562062025,121759.33984121495,107791.30555287526
base_plant_dynamic_50.csv,50.0,1,60,1297.0874,8677.9267578125,0.20392991602420807,7095.1962890625,0.16673597693443298,1582.732421875,0.03719395771622658,11552.873455903999,0.2429515149672738,9442.56387329776,0.19148751680032147,2110.309582606234,0.05146399816695235,9805.540377218924,6930.593679127427,4111.546253469594,2783.954203783984,51712.82050155937,543542.6875,0.0,76725.01719356776,687.6000016897917,6528.729556977052,3925.4204001606226,555.1141334120621,3370.3062667485606,50.982468257263484,45.081526470930555,1675.528724463466,125684.76024137558,111161.61181962382
base_plant_dynamic_50.csv,50.0,1,60,1297.0874,8677.9267578125,0.20392991602420807,7095.1962890625,0.16673597693443298,1582.732421875,0.03719395771622658,11552.873455903999,0.2429515149672738,9442.56387329776,0.19148751680032147,2110.309582606234,0.05146399816695235,9805.540377218924,6930.593679127427,4111.546253469594,2783.954203783984,51712.82050155937,543542.6875,0.0,76725.01719356776,687.6000016897917,6528.729556977052,3925.4204001606226,555.1141334120621,3370.3062667485606,50.982468257263484,45.081526470930555,1675.528724463466,125684.76024137558,111161.61181962382
base_plant_dynamic_50.csv,50.0,1,61,1312.6699,8701.189453125,0.20447656512260437,7095.1962890625,0.16673597693443298,1605.994384765625,0.03774061053991318,11583.889454518017,0.24359927267773285,9442.56387329776,0.19148751680032147,2141.3255812202524,0.05211175587741141,9844.79575665095,6962.095755257933,4120.556182856328,2806.4463505277567,53879.10393377214,566312.875,0.0,79136.1106031848,687.6000016897917,6711.021459636705,3922.8104497281383,558.5629928713242,3364.247456856814,51.048676427865615,44.80194072558241,1726.5774008913315,129607.57069110373,114525.85927648064
base_plant_dynamic_50.csv,50.0,1,61,1312.6699,8701.189453125,0.20447656512260437,7095.1962890625,0.16673597693443298,1605.994384765625,0.03774061053991318,11583.889454518017,0.24359927267773285,9442.56387329776,0.19148751680032147,2141.3255812202524,0.05211175587741141,9844.79575665095,6962.095755257933,4120.556182856328,2806.4463505277567,53879.10393377214,566312.875,0.0,79136.1106031848,687.6000016897917,6711.021459636705,3922.8104497281383,558.5629928713242,3364.247456856814,51.048676427865615,44.80194072558241,1726.5774008913315,129607.57069110373,114525.85927648064
base_plant_dynamic_50.csv,50.0,1,62,1328.196,8722.0703125,0.20496726036071777,7095.1962890625,0.16673597693443298,1626.875244140625,0.03823130577802658,11611.730422265193,0.24417880165839778,9442.56387329776,0.19148751680032147,2169.166548967428,0.052691284858076316,9879.382586922442,6989.722477157249,4128.81443075746,2825.8148245259395,56064.829947245176,589285.75,0.0,81546.01751686484,687.6000016897917,6879.73467019723,3921.0904174972857,559.5394338375261,3361.5509836597594,51.11385750329682,44.60882920139402,1777.6912583946284,133528.66110860102,117887.4102601404
base_plant_dynamic_50.csv,50.0,1,62,1328.196,8722.0703125,0.20496726036071777,7095.1962890625,0.16673597693443298,1626.875244140625,0.03823130577802658,11611.730422265193,0.24417880165839778,9442.56387329776,0.19148751680032147,2169.166548967428,0.052691284858076316,9879.382586922442,6989.722477157249,4128.81443075746,2825.8148245259395,56064.829947245176,589285.75,0.0,81546.01751686484,687.6000016897917,6879.73467019723,3921.0904174972857,559.5394338375261,3361.5509836597594,51.11385750329682,44.60882920139402,1777.6912583946284,133528.66110860102,117887.4102601404
base_plant_dynamic_50.csv,50.0,1,63,1343.7484,8739.90234375,0.20538629591464996,7095.1962890625,0.16673597693443298,1644.706787109375,0.03865034878253937,11635.506187712092,0.24467246003537502,9442.56387329776,0.19148751680032147,2192.942314414327,0.053184943235053586,9908.822359090344,7013.21851512825,4136.139536272503,2841.9857569818964,58271.07318733976,612476.875,0.0,83952.16926942,687.6000016897917,7032.371379239898,3917.9713687853014,562.8524914148396,3355.1188773704616,51.18021498329287,44.371001618854145,1828.8714733779213,137446.63247738633,121242.52913751086
base_plant_dynamic_50.csv,50.0,1,63,1343.7484,8739.90234375,0.20538629591464996,7095.1962890625,0.16673597693443298,1644.706787109375,0.03865034878253937,11635.506187712092,0.24467246003537502,9442.56387329776,0.19148751680032147,2192.942314414327,0.053184943235053586,9908.822359090344,7013.21851512825,4136.139536272503,2841.9857569818964,58271.07318733976,612476.875,0.0,83952.16926942,687.6000016897917,7032.371379239898,3917.9713687853014,562.8524914148396,3355.1188773704616,51.18021498329287,44.371001618854145,1828.8714733779213,137446.63247738633,121242.52913751086
base_plant_dynamic_50.csv,50.0,1,64,1359.1674,8491.2724609375,0.1995435506105423,7095.1962890625,0.16673597693443298,1396.0772705078125,0.032807596027851105,11303.999962899043,0.2361925953294708,9442.56387329776,0.19148751680032147,1861.4360896012788,0.04470507852914933,9846.279808024497,7033.552306062955,4142.725710572675,2855.733373616429,60506.196176241196,635968.0,0.0,86017.90478578523,687.6000016897917,7174.1563405821435,3913.962053846724,554.7674778367486,3359.194576009975,51.23277236414929,44.11835617410453,1880.1042457420706,141360.59453123304,124601.72371352084
base_plant_dynamic_50.csv,50.0,1,64,1359.1674,8491.2724609375,0.1995435506105423,7095.1962890625,0.16673597693443298,1396.0772705078125,0.032807596027851105,11303.999962899043,0.2361925953294708,9442.56387329776,0.19148751680032147,1861.4360896012788,0.04470507852914933,9846.279808024497,7033.552306062955,4142.725710572675,2855.733373616429,60506.196176241196,635968.0,0.0,86017.90478578523,687.6000016897917,7174.1563405821435,3913.962053846724,554.7674778367486,3359.194576009975,51.23277236414929,44.11835617410453,1880.1042457420706,141360.59453123304,124601.72371352084
base_plant_dynamic_50.csv,50.0,1,65,1374.5718,8498.796875,0.1997203677892685,7095.1962890625,0.16673597693443298,1403.6016845703125,0.0329844169318676,11314.032514002443,0.23640168642840703,9442.56387329776,0.19148751680032147,1871.4686407046781,0.04491416962808557,9866.850238018655,7051.614599016213,4148.528396394151,2867.9929807482117,62754.92017579312,659602.9375,0.0,88425.20929476246,687.6000016897917,7304.642005950666,3911.628478019729,556.5623582706896,3355.066119749039,51.2639169670677,43.9411596382111,1931.3681627091382,145272.22300925278,127956.78983326988
base_plant_dynamic_50.csv,50.0,1,65,1374.5718,8498.796875,0.1997203677892685,7095.1962890625,0.16673597693443298,1403.6016845703125,0.0329844169318676,11314.032514002443,0.23640168642840703,9442.56387329776,0.19148751680032147,1871.4686407046781,0.04491416962808557,9866.850238018655,7051.614599016213,4148.528396394151,2867.9929807482117,62754.92017579312,659602.9375,0.0,88425.20929476246,687.6000016897917,7304.642005950666,3911.628478019729,556.5623582706896,3355.066119749039,51.2639169670677,43.9411596382111,1931.3681627091382,145272.22300925278,127956.78983326988
base_plant_dynamic_50.csv,50.0,1,66,1389.9297,8504.5078125,0.19985456764698029,7095.1962890625,0.16673597693443298,1409.312255859375,0.03311861678957939,11321.646683741914,0.23656037805289068,9442.56387329776,0.19148751680032147,1879.0828104441496,0.04507286125256922,9883.938984122098,7066.8001128801825,4153.352506466585,2878.3543845397485,65017.69954245545,683388.25,0.0,90829.33675585373,687.6000016897917,7423.1904167762905,3906.7141143795193,556.9529340824258,3349.7611802970932,51.31333659164062,43.68847723407368,1982.6814993007788,149178.9371236323,131306.55101356696
base_plant_dynamic_50.csv,50.0,1,66,1389.9297,8504.5078125,0.19985456764698029,7095.1962890625,0.16673597693443298,1409.312255859375,0.03311861678957939,11321.646683741914,0.23656037805289068,9442.56387329776,0.19148751680032147,1879.0828104441496,0.04507286125256922,9883.938984122098,7066.8001128801825,4153.352506466585,2878.3543845397485,65017.69954245545,683388.25,0.0,90829.33675585373,687.6000016897917,7423.1904167762905,3906.7141143795193,556.9529340824258,3349.7611802970932,51.31333659164062,43.68847723407368,1982.6814993007788,149178.9371236323,131306.55101356696
base_plant_dynamic_50.csv,50.0,1,67,1405.318,8508.9306640625,0.19995850324630737,7095.1962890625,0.16673597693443298,1413.7352294921875,0.03322255611419678,11327.543999460117,0.23668321478392854,9442.56387329776,0.19148751680032147,1884.9801261623513,0.04519569798360706,9897.920999526345,7079.307664128726,4157.260526842429,2886.9539154124473,67287.93850328661,707248.5,0.0,93227.21814861188,687.6000016897917,7532.427981736535,3900.5179324902965,560.1581163390916,3340.359816151205,51.36005624653893,43.42526961363824,2034.0415555473178,153079.4550561226,134646.91082971817
base_plant_dynamic_50.csv,50.0,1,67,1405.318,8508.9306640625,0.19995850324630737,7095.1962890625,0.16673597693443298,1413.7352294921875,0.03322255611419678,11327.543999460117,0.23668321478392854,9442.56387329776,0.19148751680032147,1884.9801261623513,0.04519569798360706,9897.920999526345,7079.307664128726,4157.260526842429,2886.9539154124473,67287.93850328661,707248.5,0.0,93227.21814861188,687.6000016897917,7532.427981736535,3900.5179324902965,560.1581163390916,3340.359816151205,51.36005624653893,43.42526961363824,2034.0415555473178,153079.4550561226,134646.91082971817
base_plant_dynamic_50.csv,50.0,1,68,1420.7805,8512.298828125,0.20003767311573029,7095.1962890625,0.16673597693443298,1417.1041259765625,0.03330172225832939,11332.035756267835,0.23677670636649553,9442.56387329776,0.19148751680032147,1889.4718829700698,0.04528918956617405,9908.704492115787,7088.967563972954,4160.19645050793,2893.6778915911736,69565.63260810677,731188.6875,0.0,95618.9553865682,687.6000016897917,7632.319458220683,3895.868061285106,564.7802453693461,3331.0878159157596,51.39185451039425,43.22280358043109,2085.433410057712,156975.3231174077,137977.99864563392
base_plant_dynamic_50.csv,50.0,1,68,1420.7805,8512.298828125,0.20003767311573029,7095.1962890625,0.16673597693443298,1417.1041259765625,0.03330172225832939,11332.035756267835,0.23677670636649553,9442.56387329776,0.19148751680032147,1889.4718829700698,0.04528918956617405,9908.704492115787,7088.967563972954,4160.19645050793,2893.6778915911736,69565.63260810677,731188.6875,0.0,95618.9553865682,687.6000016897917,7632.319458220683,3895.868061285106,564.7802453693461,3331.0878159157596,51.39185451039425,43.22280358043109,2085.433410057712,156975.3231174077,137977.99864563392
base_plant_dynamic_50.csv,50.0,1,69,1436.2855,8515.0322265625,0.20010189712047577,7095.1962890625,0.16673597693443298,1419.837158203125,0.033365946263074875,11335.679774110387,0.23685236274829058,9442.56387329776,0.19148751680032147,1893.115900812623,0.04536484594796912,9916.293615189836,7095.646067641948,4162.0838445551635,2898.469001212935,71850.8429067395,755208.75,0.0,98003.94698841087,687.6000016897917,7721.778239919013,3888.8761577534133,567.9696222282296,3320.9065355251837,51.41721091240765,42.93556535694415,2136.8506209701195,160864.1992751611,141298.90518115912
base_plant_dynamic_50.csv,50.0,1,69,1436.2855,8515.0322265625,0.20010189712047577,7095.1962890625,0.16673597693443298,1419.837158203125,0.033365946263074875,11335.679774110387,0.23685236274829058,9442.56387329776,0.19148751680032147,1893.115900812623,0.04536484594796912,9916.293615189836,7095.646067641948,4162.0838445551635,2898.469001212935,71850.8429067395,755208.75,0.0,98003.94698841087,687.6000016897917,7721.778239919013,3888.8761577534133,567.9696222282296,3320.9065355251837,51.41721091240765,42.93556535694415,2136.8506209701195,160864.1992751611,141298.90518115912
base_plant_dynamic_50.csv,50.0,1,70,1451.8704,8517.109375,0.20015071332454681,7095.1962890625,0.16673597693443298,1421.9141845703125,0.03341475874185562,11338.449220597724,0.2369097512970072,9442.56387329776,0.19148751680032147,1895.8853472999597,0.04542223449668574,9921.034190556478,7099.694344958756,4162.913487336567,2901.6876357483397,74141.09944733692,779279.5,0.0,100381.92264033074,687.6000016897917,7802.679627437446,3882.360739781174,571.877632473567,3310.4831073076066,51.43622064411027,42.70443288305752,2188.2868416142296,164746.56001494228,144609.38828846673
base_plant_dynamic_50.csv,50.0,1,70,1451.8704,8517.109375,0.20015071332454681,7095.1962890625,0.16673597693443298,1421.9141845703125,0.03341475874185562,11338.449220597724,0.2369097512970072,9442.56387329776,0.19148751680032147,1895.8853472999597,0.04542223449668574,9921.034190556478,7099.694344958756,4162.913487336567,2901.6876357483397,74141.09944733692,779279.5,0.0,100381.92264033074,687.6000016897917,7802.679627437446,3882.360739781174,571.877632473567,3310.4831073076066,51.43622064411027,42.70443288305752,2188.2868416142296,164746.56001494228,144609.38828846673
base_plant_dynamic_50.csv,50.0,1,71,1467.4135,8518.439453125,0.2001819610595703,7095.1962890625,0.16673597693443298,1423.2442626953125,0.03344601392745972,11340.222689619175,0.23694645288592675,9442.56387329776,0.19148751680032147,1897.6588163214099,0.04545893608560528,9923.367529559997,7101.584293065822,4162.913487336567,2903.5775838554046,76440.77918295785,803450.875,0.0,102757.3881429999,687.6000016897917,7874.80197735709,3877.0300817977636,570.69232459951,3306.3377571982537,51.4501354184964,42.5072348084298,2239.736977032726,168623.59009674005,147915.72604566498
base_plant_dynamic_50.csv,50.0,1,71,1467.4135,8518.439453125,0.2001819610595703,7095.1962890625,0.16673597693443298,1423.2442626953125,0.03344601392745972,11340.222689619175,0.23694645288592675,9442.56387329776,0.19148751680032147,1897.6588163214099,0.04545893608560528,9923.367529559997,7101.584293065822,4162.913487336567,2903.5775838554046,76440.77918295785,803450.875,0.0,102757.3881429999,687.6000016897917,7874.80197735709,3877.0300817977636,570.69232459951,3306.3377571982537,51.4501354184964,42.5072348084298,2239.736977032726,168623.59009674005,147915.72604566498
base_plant_dynamic_50.csv,50.0,1,72,1482.8827,8518.931640625,0.20019353926181793,7095.1962890625,0.16673597693443298,1423.7369384765625,0.033457592129707336,11340.879494482524,0.23696003557595083,9442.56387329776,0.19148751680032147,1898.3156211847597,0.045472518775629356,9925.045668559324,7103.0978147017995,4162.913487336567,2905.091105491383,78748.88867930067,827711.625,0.0,105130.17401726286,687.6000016897917,7937.308028777963,3870.150068773916,568.1365591393674,3302.0135096345484,51.47396710236827,42.259633665471284,2291.210944135094,172493.74016551397,151217.73955529954
base_plant_dynamic_50.csv,50.0,1,72,1482.8827,8518.931640625,0.20019353926181793,7095.1962890625,0.16673597693443298,1423.7369384765625,0.033457592129707336,11340.879494482524,0.23696003557595083,9442.56387329776,0.19148751680032147,1898.3156211847597,0.045472518775629356,9925.045668559324,7103.0978147017995,4162.913487336567,2905.091105491383,78748.88867930067,827711.625,0.0,105130.17401726286,687.6000016897917,7937.308028777963,3870.150068773916,568.1365591393674,3302.0135096345484,51.47396710236827,42.259633665471284,2291.210944135094,172493.74016551397,151217.73955529954
base_plant_dynamic_50.csv,50.0,1,73,1498.311,8518.931640625,0.20019353926181793,7095.1962890625,0.16673597693443298,1423.7369384765625,0.033457592129707336,11340.879494482524,0.23696003557595083,9442.56387329776,0.19148751680032147,1898.3156211847597,0.045472518775629356,9926.19141963054,7104.243565773017,4162.913487336567,2906.2368565626,81063.25666236567,852035.75,0.0,107499.81551884844,687.6000016897917,7991.4357962272525,3863.999950690358,566.8818828469268,3297.118067843431,51.49221148726602,42.05224075879433,2342.70315562236,176357.74011620434,154514.85762314298
base_plant_dynamic_50.csv,50.0,1,73,1498.311,8518.931640625,0.20019353926181793,7095.1962890625,0.16673597693443298,1423.7369384765625,0.033457592129707336,11340.879494482524,0.23696003557595083,9442.56387329776,0.19148751680032147,1898.3156211847597,0.045472518775629356,9926.19141963054,7104.243565773017,4162.913487336567,2906.2368565626,81063.25666236567,852035.75,0.0,107499.81551884844,687.6000016897917,7991.4357962272525,3863.999950690358,566.8818828469268,3297.118067843431,51.49221148726602,42.05224075879433,2342.70315562236,176357.74011620434,154514.85762314298
base_plant_dynamic_50.csv,50.0,1,74,1513.6757,8518.931640625,0.20019353926181793,7095.1962890625,0.16673597693443298,1423.7369384765625,0.033457592129707336,11340.879494482524,0.23696003557595083,9442.56387329776,0.19148751680032147,1898.3156211847597,0.045472518775629356,9926.946571400978,7104.998717543454,4162.913487336567,2906.992008333037,83384.19719250718,876429.75,0.0,109867.37515188276,687.6000016897917,8037.299747349731,3858.4466502894493,564.7416451764046,3293.7050051130445,51.493965411080524,41.87635896950861,2394.1971210334405,180216.18676649377,157808.562628256
base_plant_dynamic_50.csv,50.0,1,74,1513.6757,8518.931640625,0.20019353926181793,7095.1962890625,0.16673597693443298,1423.7369384765625,0.033457592129707336,11340.879494482524,0.23696003557595083,9442.56387329776,0.19148751680032147,1898.3156211847597,0.045472518775629356,9926.946571400978,7104.998717543454,4162.913487336567,2906.992008333037,83384.19719250718,876429.75,0.0,109867.37515188276,687.6000016897917,8037.299747349731,3858.4466502894493,564.7416451764046,3293.7050051130445,51.493965411080524,41.87635896950861,2394.1971210334405,180216.18676649377,157808.562628256
base_plant_dynamic_50.csv,50.0,1,75,1529.0406,8518.931640625,0.20019353926181793,7095.1962890625,0.16673597693443298,1423.7369384765625,0.033457592129707336,11340.879494482524,0.23696003557595083,9442.56387329776,0.19148751680032147,1898.3156211847597,0.045472518775629356,9927.284309619412,7105.33645576189,4162.913487336567,2907.329746551472,85709.23363606851,900865.75,0.0,112230.59617456676,687.6000016897917,8075.1465882539505,3852.35154521031,565.1832803713409,3287.168264838969,51.49539795650386,41.685237885198696,2445.6925189899443,184068.5383117041,161095.730893095
base_plant_dynamic_50.csv,50.0,1,75,1529.0406,8518.931640625,0.20019353926181793,7095.1962890625,0.16673597693443298,1423.7369384765625,0.033457592129707336,11340.879494482524,0.23696003557595083,9442.56387329776,0.19148751680032147,1898.3156211847597,0.045472518775629356,9927.284309619412,7105.33645576189,4162.913487336567,2907.329746551472,85709.23363606851,900865.75,0.0,112230.59617456676,687.6000016897917,8075.1465882539505,3852.35154521031,565.1832803713409,3287.168264838969,51.49539795650386,41.685237885198696,2445.6925189899443,184068.5383117041,161095.730893095
base_plant_dynamic_50.csv,50.0,1,76,1544.3873,8518.931640625,0.20019353926181793,7095.1962890625,0.16673597693443298,1423.7369384765625,0.033457592129707336,11340.879494482524,0.23696003557595083,9442.56387329776,0.19148751680032147,1898.3156211847597,0.045472518775629356,9927.284309619412,7105.33645576189,4162.913487336567,2907.329746551472,88039.73514840796,925359.5,0.0,114590.7869184766,687.6000016897917,8104.835819824279,3847.3527072068673,564.9062512004658,3282.4464560064016,51.505785294956205,41.52070132378497,2497.1983042849006,187915.89101891094,164378.1773491014
base_plant_dynamic_50.csv,50.0,1,76,1544.3873,8518.931640625,0.20019353926181793,7095.1962890625,0.16673597693443298,1423.7369384765625,0.033457592129707336,11340.879494482524,0.23696003557595083,9442.56387329776,0.19148751680032147,1898.3156211847597,0.045472518775629356,9927.284309619412,7105.33645576189,4162.913487336567,2907.329746551472,88039.73514840796,925359.5,0.0,114590.7869184766,687.6000016897917,8104.835819824279,3847.3527072068673,564.9062512004658,3282.4464560064016,51.505785294956205,41.52070132378497,2497.1983042849006,187915.89101891094,164378.1773491014
base_plant_dynamic_50.csv,50.0,1,77,1559.7655,8518.931640625,0.20019353926181793,7095.1962890625,0.16673597693443298,1423.7369384765625,0.033457592129707336,11340.879494482524,0.23696003557595083,9442.56387329776,0.19148751680032147,1898.3156211847597,0.045472518775629356,9927.284309619412,7105.33645576189,4162.913487336567,2907.329746551472,90375.36306601301,949907.875,0.0,116946.61445368349,687.6000016897917,8125.035437426103,3842.3045917495433,566.4923732040975,3275.812218545446,51.50255808398582,41.36527687839555,2548.700862368886,191758.19561066048,167653.98956764684
base_plant_dynamic_50.csv,50.0,1,77,1559.7655,8518.931640625,0.20019353926181793,7095.1962890625,0.16673597693443298,1423.7369384765625,0.033457592129707336,11340.879494482524,0.23696003557595083,9442.56387329776,0.19148751680032147,1898.3156211847597,0.045472518775629356,9927.284309619412,7105.33645576189,4162.913487336567,2907.329746551472,90375.36306601301,949907.875,0.0,116946.61445368349,687.6000016897917,8125.035437426103,3842.3045917495433,566.4923732040975,3275.812218545446,51.50255808398582,41.36527687839555,2548.700862368886,191758.19561066048,167653.98956764684
base_plant_dynamic_50.csv,50.0,1,78,1575.1967,8518.931640625,0.20019353926181793,7095.1962890625,0.16673597693443298,1423.7369384765625,0.033457592129707336,11340.879494482524,0.23696003557595083,9442.56387329776,0.19148751680032147,1898.3156211847597,0.045472518775629356,9927.284309619412,7105.33645576189,4162.913487336567,2907.329746551472,92715.35928397048,974501.125,0.0,119297.40445805529,687.6000016897917,8135.829223840405,3837.044027109954,568.7983268075702,3268.2457003023837,51.501347221593115,41.20557134945757,2600.2022095904795,195595.23963777043,170922.23526794923
base_plant_dynamic_50.csv,50.0,1,78,1575.1967,8518.931640625,0.20019353926181793,7095.1962890625,0.16673597693443298,1423.7369384765625,0.033457592129707336,11340.879494482524,0.23696003557595083,9442.56387329776,0.19148751680032147,1898.3156211847597,0.045472518775629356,9927.284309619412,7105.33645576189,4162.913487336567,2907.329746551472,92715.35928397048,974501.125,0.0,119297.40445805529,687.6000016897917,8135.829223840405,3837.044027109954,568.7983268075702,3268.2457003023837,51.501347221593115,41.20557134945757,2600.2022095904795,195595.23963777043,170922.23526794923
base_plant_dynamic_50.csv,50.0,1,79,1590.6333,8518.931640625,0.20019353926181793,7095.1962890625,0.16673597693443298,1423.7369384765625,0.033457592129707336,11340.879494482524,0.23696003557595083,9442.56387329776,0.19148751680032147,1898.3156211847597,0.045472518775629356,9927.284309619412,7105.33645576189,4162.913487336567,2907.329746551472,95053.41822240736,999074.125,0.0,121644.64285309098,687.6000016897917,8145.008680439287,3832.3169064642616,569.1048029771318,3263.2121034871298,51.4953985268742,41.068922368078546,2651.697608117354,199427.55654423469,174185.44737143637
base_plant_dynamic_50.csv,50.0,1,79,1590.6333,8518.931640625,0.20019353926181793,7095.1962890625,0.16673597693443298,1423.7369384765625,0.033457592129707336,11340.879494482524,0.23696003557595083,9442.56387329776,0.19148751680032147,1898.3156211847597,0.045472518775629356,9927.284309619412,7105.33645576189,4162.913487336567,2907.329746551472,95053.41822240736,999074.125,0.0,121644.64285309098,687.6000016897917,8145.008680439287,3832.3169064642616,569.1048029771318,3263.2121034871298,51.4953985268742,41.068922368078546,2651.697608117354,199427.55654423469,174185.44737143637
base_plant_dynamic_50.csv,50.0,1,80,1606.0441,8518.931640625,0.20019353926181793,7095.1962890625,0.16673597693443298,1423.7369384765625,0.033457592129707336,11340.879494482524,0.23696003557595083,9442.56387329776,0.19148751680032147,1898.3156211847597,0.045472518775629356,9927.284309619412,7105.33645576189,4162.913487336567,2907.329746551472,97390.63174295888,1023638.375,0.0,123989.30925318923,687.6000016897917,8152.461559985972,3827.604546323061,568.0711104924683,3259.5334358305927,51.49519102089887,40.931991471306546,2703.1927991382527,203255.16109055775,177444.98080726695
base_plant_dynamic_50.csv,50.0,1,80,1606.0441,8518.931640625,0.20019353926181793,7095.1962890625,0.16673597693443298,1423.7369384765625,0.033457592129707336,11340.879494482524,0.23696003557595083,9442.56387329776,0.19148751680032147,1898.3156211847597,0.045472518775629356,9927.284309619412,7105.33645576189,4162.913487336567,2907.329746551472,97390.63174295888,1023638.375,0.0,123989.30925318923,687.6000016897917,8152.461559985972,3827.604546323061,568.0711104924683,3259.5334358305927,51.49519102089887,40.931991471306546,2703.1927991382527,203255.16109055775,177444.98080726695
