Step,Time,X_Pos_m,Deflection_mm,Force_N
0,0.0000,0.000000,0.0000,0.104014
1,0.0132,0.000000,0.0000,0.104014
2,0.0262,0.000000,0.0000,0.104014
3,0.0396,0.000000,0.0000,0.104014
4,0.0518,0.000000,0.0000,0.104014
5,0.0640,0.000000,0.0000,0.104014
6,0.0766,0.000000,0.0000,0.104014
7,0.0893,0.000000,0.0000,0.104014
8,0.1015,0.000000,0.0000,0.104014
9,0.1141,0.000000,0.0000,0.104014
10,0.1270,0.000000,0.0000,0.104014
11,0.1410,0.000000,0.0000,0.104014
12,0.1546,0.000000,0.0000,0.104014
13,0.1691,0.000000,0.0000,0.104014
14,0.1814,0.000000,0.0000,0.104014
15,0.1951,0.000000,0.0000,0.104014
16,0.2088,0.000000,0.0000,0.104014
17,0.2224,0.000000,0.0000,0.104014
18,0.2348,0.000000,0.0000,0.104014
19,0.2467,0.000000,0.0000,0.104014
20,0.2589,0.000000,0.0000,0.104014
21,0.2730,0.000000,0.0000,0.104014
22,0.2858,0.000000,0.0000,0.104014
23,0.2987,0.000000,0.0000,0.104014
24,0.3122,0.000000,0.0000,0.104014
25,0.3253,0.000000,0.0000,0.104014
26,0.3387,0.000000,0.0000,0.104014
27,0.3529,0.000000,0.0000,0.104014
28,0.3658,0.000000,0.0000,0.104014
29,0.3810,0.000000,0.0000,0.104014
30,0.3934,0.000000,0.0000,0.104014
31,0.4059,0.000000,0.0000,0.104014
32,0.4188,0.000000,0.0000,0.104014
33,0.4314,0.000000,0.0000,0.104014
34,0.4442,0.000000,0.0000,0.104014
35,0.4575,0.000000,0.0000,0.104014
36,0.4695,0.000000,0.0000,0.104014
37,0.4816,0.000000,0.0000,0.104014
38,0.4938,0.000000,0.0000,0.104014
39,0.5089,0.000000,0.0000,0.104014
40,0.5215,0.000000,0.0000,0.104014
41,0.5360,0.000000,0.0000,0.104014
42,0.5485,0.000000,0.0000,0.104014
43,0.5626,0.000000,0.0000,0.104014
44,0.5755,0.000000,0.0000,0.104014
45,0.5880,0.000000,0.0000,0.104014
46,0.6027,0.000000,0.0000,0.104014
47,0.6157,0.000000,0.0000,0.104014
48,0.6283,0.000000,0.0000,0.104014
49,0.6410,0.000000,0.0000,0.104014
50,0.6538,0.000000,0.0000,0.104014
51,0.6660,0.000000,0.0000,0.104014
52,0.6786,0.000000,0.0000,0.104014
53,0.6908,0.000000,0.0000,0.104014
54,0.7039,0.000000,0.0000,0.104014
55,0.7152,0.000000,0.0000,0.104014
56,0.7272,0.000000,0.0000,0.104014
57,0.7409,0.000000,0.0000,0.104014
58,0.7542,0.000000,0.0000,0.104014
59,0.7675,0.000000,0.0000,0.104014
60,0.7813,0.000000,0.0000,0.104014
61,0.7940,0.000000,0.0000,0.104014
62,0.8064,0.000000,0.0000,0.104014
63,0.8188,0.000000,0.0000,0.104014
64,0.8319,0.000000,0.0000,0.104014
65,0.8460,0.000000,0.0000,0.104014
66,0.8612,0.000000,0.0000,0.104014
67,0.8737,0.000000,0.0000,0.104014
68,0.8879,0.000000,0.0000,0.104014
69,0.9006,0.000000,0.0000,0.104014
70,0.9168,0.000000,0.0000,0.104014
71,0.9316,0.000000,0.0000,0.104014
72,0.9447,0.000000,0.0000,0.104014
73,0.9579,0.000000,0.0000,0.104014
74,0.9713,0.000000,0.0000,0.104014
75,0.9844,0.000000,0.0000,0.104014
76,0.9965,0.000000,0.0000,0.104014
77,1.0090,0.000000,0.0000,0.104014
78,1.0227,0.000000,0.0000,0.104014
79,1.0360,0.000000,0.0000,0.104014
80,1.0481,0.000000,0.0000,0.104014
81,1.0623,0.000000,0.0000,0.104014
82,1.0762,0.000000,0.0000,0.104014
83,1.0886,0.000000,0.0000,0.104014
84,1.1014,0.000000,0.0000,0.104014
85,1.1145,0.000000,0.0000,0.104014
86,1.1280,0.000000,0.0000,0.104014
87,1.1408,0.000000,0.0000,0.104014
88,1.1533,0.000000,0.0000,0.104014
89,1.1658,0.000000,0.0000,0.104014
90,1.1790,0.000000,0.0000,0.104014
91,1.1923,0.000000,0.0000,0.104014
92,1.2082,0.000000,0.0000,0.104014
93,1.2208,0.000000,0.0000,0.104014
94,1.2331,0.000000,0.0000,0.104014
95,1.2482,0.000000,0.0000,0.104014
96,1.2618,0.000000,0.0000,0.104014
97,1.2747,0.000000,0.0000,0.104014
98,1.2877,0.000000,0.0000,0.104014
99,1.3018,0.000000,0.0000,0.104014
100,1.3142,0.000000,0.0000,0.104014
101,1.3263,0.000000,0.0000,0.104014
102,1.3393,0.000000,0.0000,0.104014
103,1.3517,0.000000,0.0000,0.104014
104,1.3641,0.000000,0.0000,0.104014
105,1.3769,0.000000,0.0000,0.104014
106,1.3898,0.000000,0.0000,0.104014
107,1.4034,0.000000,0.0000,0.104014
108,1.4158,0.000000,0.0000,0.104014
109,1.4283,0.000000,0.0000,0.104014
110,1.4409,0.000000,0.0000,0.104014
111,1.4541,0.000000,0.0000,0.104014
112,1.4661,0.000000,0.0000,0.104014
113,1.4798,0.000000,0.0000,0.104014
114,1.4923,0.000000,0.0000,0.104014
115,1.5056,0.000000,0.0000,0.104014
116,1.5175,0.000000,0.0000,0.104014
117,1.5301,0.000000,0.0000,0.104014
118,1.5428,0.000000,0.0000,0.104014
119,1.5553,0.000000,0.0000,0.104014
120,1.5673,0.000000,0.0000,0.104014
121,1.5821,0.000000,0.0000,0.104014
122,1.5949,0.000000,0.0000,0.104014
123,1.6092,0.000000,0.0000,0.104014
124,1.6239,0.000000,0.0000,0.104014
125,1.6367,0.000000,0.0000,0.104014
126,1.6506,0.000000,0.0000,0.104014
127,1.6638,0.000000,0.0000,0.104014
128,1.6784,0.000000,0.0000,0.104014
129,1.6916,0.000000,0.0000,0.104014
130,1.7045,0.000000,0.0000,0.104014
131,1.7169,0.000000,0.0000,0.104014
132,1.7297,0.000000,0.0000,0.104014
133,1.7429,0.000000,0.0000,0.104014
134,1.7552,0.000000,0.0000,0.104014
135,1.7676,0.000000,0.0000,0.104014
136,1.7823,0.000000,0.0000,0.104014
137,1.7942,0.000000,0.0000,0.104014
138,1.8070,0.000000,0.0000,0.104014
139,1.8193,0.000000,0.0000,0.104014
140,1.8314,0.000000,0.0000,0.104014
141,1.8444,0.000000,0.0000,0.104014
142,1.8574,0.000000,0.0000,0.104014
143,1.8707,0.000000,0.0000,0.104014
144,1.8840,0.000000,0.0000,0.104014
145,1.8983,0.000000,0.0000,0.104014
146,1.9119,0.000000,0.0000,0.104014
147,1.9286,0.000000,0.0000,0.104014
148,1.9437,0.000000,0.0000,0.104014
149,1.9592,0.000000,0.0000,0.104014
150,1.9723,0.000000,0.0000,0.104014
151,1.9864,0.000000,0.0000,0.104014
152,1.9985,0.000000,0.0000,0.104014
153,2.0108,0.000000,0.0000,0.104014
154,2.0237,0.000000,0.0000,0.104014
155,2.0376,0.000000,0.0000,0.104014
156,2.0506,0.000000,0.0000,0.104014
157,2.0640,0.000000,0.0000,0.104014
158,2.0763,0.000000,0.0000,0.104014
159,2.0901,0.000000,0.0000,0.104014
160,2.1015,0.000000,0.0000,0.104014
161,2.1146,0.000000,0.0000,0.104014
162,2.1274,0.000000,0.0000,0.104014
163,2.1417,0.000000,0.0000,0.104014
164,2.1542,0.000000,0.0000,0.104014
165,2.1671,0.000000,0.0000,0.104014
166,2.1790,0.000000,0.0000,0.104014
167,2.1919,0.000000,0.0000,0.104014
168,2.2049,0.000000,0.0000,0.104014
169,2.2170,0.000000,0.0000,0.104014
170,2.2306,0.000000,0.0000,0.104014
171,2.2444,0.000000,0.0000,0.104014
172,2.2575,0.000000,0.0000,0.104014
173,2.2701,0.000000,0.0000,0.104014
174,2.2850,0.000000,0.0000,0.104014
175,2.2995,0.000000,0.0000,0.104014
176,2.3117,0.000000,0.0000,0.104014
177,2.3256,0.000000,0.0000,0.104014
178,2.3408,0.000000,0.0000,0.104014
179,2.3545,0.000000,0.0000,0.104014
180,2.3674,0.000000,0.0000,0.104014
181,2.3806,0.000000,0.0000,0.104014
182,2.3934,0.000000,0.0000,0.104014
183,2.4064,0.000000,0.0000,0.104014
184,2.4190,0.000000,0.0000,0.104014
185,2.4316,0.000000,0.0000,0.104014
186,2.4449,0.000000,0.0000,0.104014
187,2.4574,0.000000,0.0000,0.104014
188,2.4698,0.000000,0.0000,0.104014
189,2.4822,0.000000,0.0000,0.104014
190,2.4953,0.000000,0.0000,0.104014
191,2.5084,0.000000,0.0000,0.104014
192,2.5211,0.000000,0.0000,0.104014
193,2.5335,0.000000,0.0000,0.104014
194,2.5471,0.000000,0.0000,0.104014
195,2.5602,0.000000,0.0000,0.104014
196,2.5729,0.000000,0.0000,0.104014
197,2.5849,0.000000,0.0000,0.104014
198,2.5976,0.000000,0.0000,0.104014
199,2.6127,0.000000,0.0000,0.104014
200,2.6254,0.000000,0.0000,0.104014
201,2.6408,0.000000,0.0000,0.104014
202,2.6556,0.000000,0.0000,0.104014
203,2.6692,0.000000,0.0000,0.104014
204,2.6826,0.000000,0.0000,0.104014
205,2.6956,0.000000,0.0000,0.104014
206,2.7106,0.000000,0.0000,0.104014
207,2.7234,0.000000,0.0000,0.104014
208,2.7356,0.000000,0.0000,0.104014
209,2.7483,0.000000,0.0000,0.104014
210,2.7614,0.000000,0.0000,0.104014
211,2.7744,0.000000,0.0000,0.104014
212,2.7867,0.000000,0.0000,0.104014
213,2.7996,0.000000,0.0000,0.104014
214,2.8135,0.000000,0.0000,0.104014
215,2.8259,0.000000,0.0000,0.104014
216,2.8392,0.000000,0.0000,0.104014
217,2.8519,0.000000,0.0000,0.104014
218,2.8645,0.000000,0.0000,0.104014
219,2.8772,0.000000,0.0000,0.104014
220,2.8900,0.000000,0.0000,0.104014
221,2.9023,0.000000,0.0000,0.104014
222,2.9150,0.000000,0.0000,0.104014
223,2.9305,0.000000,0.0000,0.104014
224,2.9433,0.000000,0.0000,0.104014
225,2.9561,0.000000,0.0000,0.104014
226,2.9680,0.000000,0.0000,0.104014
227,2.9816,0.000000,0.0000,0.104014
228,2.9967,0.000000,0.0000,0.104014
229,3.0094,0.000000,0.0000,0.104014
230,3.0224,0.000000,0.0000,0.104014
231,3.0388,0.000000,0.0000,0.104014
232,3.0523,0.000000,0.0000,0.104014
233,3.0670,0.000000,0.0000,0.104014
234,3.0802,0.000000,0.0000,0.104014
235,3.0928,0.000000,0.0000,0.104014
236,3.1051,0.000000,0.0000,0.104014
237,3.1172,0.000000,0.0000,0.104014
238,3.1312,0.000000,0.0000,0.104014
239,3.1444,0.000000,0.0000,0.104014
240,3.1568,0.000000,0.0000,0.104014
241,3.1692,0.000000,0.0000,0.104014
242,3.1821,0.000000,0.0000,0.104014
243,3.1948,0.000000,0.0000,0.104014
244,3.2069,0.000000,0.0000,0.104014
245,3.2188,0.000000,0.0000,0.104014
246,3.2351,0.000000,0.0000,0.104014
247,3.2472,0.000000,0.0000,0.104014
248,3.2597,0.000000,0.0000,0.104014
249,3.2723,0.000000,0.0000,0.104014
250,3.2852,0.000000,0.0000,0.104014
251,3.2976,0.000000,0.0000,0.104014
252,3.3098,0.000000,0.0000,0.104014
253,3.3232,0.000000,0.0000,0.104014
254,3.3367,0.000000,0.0000,0.104014
255,3.3497,0.000000,0.0000,0.104014
256,3.3637,0.000000,0.0000,0.104014
257,3.3771,0.000000,0.0000,0.104014
258,3.3942,0.000000,0.0000,0.104014
259,3.4089,0.000000,0.0000,0.104014
260,3.4229,0.000000,0.0000,0.104014
261,3.4356,0.000000,0.0000,0.104014
262,3.4483,0.000000,0.0000,0.104014
263,3.4610,0.000000,0.0000,0.104014
264,3.4742,0.000000,0.0000,0.104014
265,3.4861,0.000000,0.0000,0.104014
266,3.5000,0.000000,0.0000,0.104014
267,3.5127,0.000000,0.0000,0.104014
268,3.5267,0.000000,0.0000,0.104014
269,3.5391,0.000000,0.0000,0.104014
270,3.5519,0.000000,0.0000,0.104014
271,3.5649,0.000000,0.0000,0.104014
272,3.5785,0.000000,0.0000,0.104014
273,3.5920,0.000000,0.0000,0.104014
274,3.6058,0.000000,0.0000,0.104014
275,3.6185,0.000000,0.0000,0.104014
276,3.6312,0.000000,0.0000,0.104014
277,3.6438,0.000000,0.0000,0.104014
278,3.6560,0.000000,0.0000,0.104014
279,3.6684,0.000000,0.0000,0.104014
280,3.6810,0.000000,0.0000,0.104014
281,3.6934,0.000000,0.0000,0.104014
282,3.7077,0.000000,0.0000,0.104014
283,3.7203,0.000000,0.0000,0.104014
284,3.7323,0.000000,0.0000,0.104014
285,3.7452,0.000000,0.0000,0.104014
286,3.7583,0.000000,0.0000,0.104014
287,3.7729,0.000000,0.0000,0.104014
288,3.7852,0.000000,0.0000,0.104014
289,3.7971,0.000000,0.0000,0.104014
290,3.8101,0.000000,0.0000,0.104014
291,3.8223,0.000000,0.0000,0.104014
292,3.8362,0.000000,0.0000,0.104014
293,3.8498,0.000000,0.0000,0.104014
294,3.8620,0.000000,0.0000,0.104014
295,3.8758,0.000000,0.0000,0.104014
296,3.8883,0.000000,0.0000,0.104014
297,3.9029,0.000000,0.0000,0.104014
298,3.9157,0.000000,0.0000,0.104014
299,3.9289,0.000000,0.0000,0.104014
300,3.9424,0.000000,0.0000,0.104014
301,3.9552,0.000000,0.0000,0.104014
302,3.9672,0.000000,0.0000,0.104014
303,3.9818,0.000000,0.0000,0.104014
304,3.9939,0.000000,0.0000,0.104014
305,4.0065,0.000000,0.0000,0.104014
306,4.0188,0.000000,0.0000,0.104014
307,4.0317,0.000000,0.0000,0.104014
308,4.0446,0.000000,0.0000,0.104014
309,4.0570,0.000000,0.0000,0.104014
310,4.0691,0.000000,0.0000,0.104014
311,4.0823,0.000000,0.0000,0.104014
312,4.0940,0.000000,0.0000,0.104014
313,4.1065,0.000000,0.0000,0.104014
314,4.1191,0.000000,0.0000,0.104014
315,4.1319,0.000000,0.0000,0.104014
316,4.1453,0.000000,0.0000,0.104014
317,4.1579,0.000000,0.0000,0.104014
318,4.1703,0.000000,0.0000,0.104014
319,4.1824,0.000000,0.0000,0.104014
320,4.1950,0.000000,0.0000,0.104014
321,4.2074,0.000000,0.0000,0.104014
322,4.2197,0.000000,0.0000,0.104014
323,4.2318,0.000000,0.0000,0.104014
324,4.2458,0.000000,0.0000,0.104014
325,4.2584,0.000000,0.0000,0.104014
326,4.2708,0.000000,0.0000,0.104014
327,4.2830,0.000000,0.0000,0.104014
328,4.2956,0.000000,0.0000,0.104014
329,4.3090,0.000000,0.0000,0.104014
330,4.3216,0.000000,0.0000,0.104014
331,4.3341,0.000000,0.0000,0.104014
332,4.3474,0.000000,0.0000,0.104014
333,4.3603,0.000000,0.0000,0.104014
334,4.3732,0.000000,0.0000,0.104014
335,4.3855,0.000000,0.0000,0.104014
336,4.3983,0.000000,0.0000,0.104014
337,4.4119,0.000000,0.0000,0.104014
338,4.4252,0.000000,0.0000,0.104014
339,4.4377,0.000000,0.0000,0.104014
340,4.4500,0.000000,0.0000,0.104014
341,4.4624,0.000000,0.0000,0.104014
342,4.4749,0.000000,0.0000,0.104014
343,4.4872,0.000000,0.0000,0.104014
344,4.4997,0.000000,0.0000,0.104014
345,4.5117,0.000000,0.0000,0.104014
346,4.5239,0.000000,0.0000,0.104014
347,4.5359,0.000000,0.0000,0.104014
348,4.5503,0.000000,0.0000,0.104014
349,4.5696,0.000000,0.0000,0.104014
350,4.5853,0.000000,0.0000,0.104014
351,4.5995,0.000000,0.0000,0.104014
352,4.6126,0.000000,0.0000,0.104014
353,4.6249,0.000000,0.0000,0.104014
354,4.6380,0.000000,0.0000,0.104014
355,4.6503,0.000000,0.0000,0.104014
356,4.6639,0.000000,0.0000,0.104014
357,4.6763,0.000000,0.0000,0.104014
358,4.6922,0.000000,0.0000,0.104014
359,4.7050,0.000000,0.0000,0.104014
360,4.7182,0.000000,0.0000,0.104014
361,4.7322,0.000000,0.0000,0.104014
362,4.7460,0.000000,0.0000,0.104014
363,4.7598,0.000000,0.0000,0.104014
364,4.7740,0.000000,0.0000,0.104014
365,4.7872,0.000000,0.0000,0.104014
366,4.8006,0.000000,0.0000,0.104014
367,4.8146,0.000000,0.0000,0.104014
368,4.8283,0.000000,0.0000,0.104014
369,4.8419,0.000000,0.0000,0.104014
370,4.8556,0.000000,0.0000,0.104014
371,4.8701,0.000000,0.0000,0.104014
372,4.8837,0.000000,0.0000,0.104014
373,4.8977,0.000000,0.0000,0.104014
374,4.9110,0.000000,0.0000,0.104014
375,4.9250,0.000000,0.0000,0.104014
376,4.9381,0.000000,0.0000,0.104014
377,4.9523,0.000000,0.0000,0.104014
378,4.9656,0.000000,0.0000,0.104014
379,4.9798,0.000000,0.0000,0.104014
380,4.9930,0.000000,0.0000,0.104014
381,5.0065,0.000000,0.0000,0.104014
382,5.0200,0.000000,0.0000,0.104014
383,5.0331,0.000000,0.0000,0.104014
384,5.0465,0.000000,0.0000,0.104014
385,5.0607,0.000000,0.0000,0.104014
386,5.0742,0.000000,0.0000,0.104014
387,5.0879,0.000000,0.0000,0.104014
388,5.1006,0.000000,0.0000,0.104014
389,5.1133,0.000000,0.0000,0.104014
390,5.1261,0.000000,0.0000,0.104014
391,5.1384,0.000000,0.0000,0.104014
392,5.1510,0.000000,0.0000,0.104014
393,5.1648,0.000000,0.0000,0.104014
394,5.1777,0.000000,0.0000,0.104014
395,5.1905,0.000000,0.0000,0.104014
396,5.2029,0.000000,0.0000,0.104014
397,5.2160,0.000000,0.0000,0.104014
398,5.2286,0.000000,0.0000,0.104014
399,5.2409,0.000000,0.0000,0.104014
400,5.2535,0.000000,0.0000,0.104014
401,5.2661,0.000000,0.0000,0.104014
402,5.2788,0.000000,0.0000,0.104014
403,5.2918,0.000000,0.0000,0.104014
404,5.3046,0.000000,0.0000,0.104014
405,5.3168,0.000000,0.0000,0.104014
406,5.3297,0.000000,0.0000,0.104014
407,5.3424,0.000000,0.0000,0.104014
408,5.3551,0.000000,0.0000,0.104014
409,5.3706,0.000000,0.0000,0.104014
410,5.3832,0.000000,0.0000,0.104014
411,5.3965,0.000000,0.0000,0.104014
412,5.4089,0.000000,0.0000,0.104014
413,5.4212,0.000000,0.0000,0.104014
414,5.4339,0.000000,0.0000,0.104014
415,5.4479,0.000000,0.0000,0.104014
416,5.4606,0.000000,0.0000,0.104014
417,5.4734,0.000000,0.0000,0.104014
418,5.4855,0.000000,0.0000,0.104014
419,5.4985,0.000000,0.0000,0.104014
420,5.5114,0.000000,0.0000,0.104014
421,5.5243,0.000000,0.0000,0.104014
422,5.5372,0.000000,0.0000,0.104014
423,5.5507,0.000000,0.0000,0.104014
424,5.5624,0.000000,0.0000,0.104014
425,5.5774,0.000000,0.0000,0.104014
426,5.5905,0.000000,0.0000,0.104014
427,5.6026,0.000000,0.0000,0.104014
428,5.6157,0.000000,0.0000,0.104014
429,5.6288,0.000000,0.0000,0.104014
430,5.6412,0.000000,0.0000,0.104014
431,5.6530,0.000000,0.0000,0.104014
432,5.6654,0.000000,0.0000,0.104014
433,5.6787,0.000000,0.0000,0.104014
434,5.6900,0.000000,0.0000,0.104014
435,5.7026,0.000000,0.0000,0.104014
436,5.7159,0.000000,0.0000,0.104014
437,5.7286,0.000000,0.0000,0.104014
438,5.7413,0.000000,0.0000,0.104014
439,5.7537,0.000000,0.0000,0.104014
440,5.7667,0.000000,0.0000,0.104014
441,5.7814,0.000000,0.0000,0.104014
442,5.7939,0.000000,0.0000,0.104014
443,5.8071,0.000000,0.0000,0.104014
444,5.8192,0.000000,0.0000,0.104014
445,5.8323,0.000000,0.0000,0.104014
446,5.8453,0.000000,0.0000,0.104014
447,5.8580,0.000000,0.0000,0.104014
448,5.8710,0.000000,0.0000,0.104014
449,5.8837,0.000000,0.0000,0.104014
450,5.8971,0.000000,0.0000,0.104014
451,5.9099,0.000000,0.0000,0.104014
452,5.9225,0.000000,0.0000,0.104014
453,5.9351,0.000000,0.0000,0.104014
454,5.9480,0.000000,0.0000,0.104014
455,5.9614,0.000000,0.0000,0.104014
456,5.9739,0.000000,0.0000,0.104014
457,5.9866,0.000000,0.0000,0.104014
458,5.9989,0.000000,0.0000,0.104014
459,6.0116,0.000000,0.0000,0.104014
460,6.0243,0.000000,0.0000,0.104014
461,6.0369,0.000000,0.0000,0.104014
462,6.0494,0.000000,0.0000,0.104014
463,6.0624,0.000000,0.0000,0.104014
464,6.0751,0.000000,0.0000,0.104014
465,6.0876,0.000000,0.0000,0.104014
466,6.1000,0.000000,0.0000,0.104014
467,6.1129,0.000000,0.0000,0.104014
468,6.1257,0.000000,0.0000,0.104014
469,6.1392,0.000000,0.0000,0.104014
470,6.1516,0.000000,0.0000,0.104014
471,6.1652,0.000000,0.0000,0.104014
472,6.1775,0.000000,0.0000,0.104014
473,6.1901,0.000000,0.0000,0.104014
474,6.2022,0.000000,0.0000,0.104014
475,6.2153,0.000000,0.0000,0.104014
476,6.2276,0.000000,0.0000,0.104014
477,6.2402,0.000000,0.0000,0.104014
478,6.2526,0.000000,0.0000,0.104014
479,6.2661,0.000000,0.0000,0.104014
480,6.2790,0.000000,0.0000,0.104014
481,6.2922,0.000000,0.0000,0.104014
482,6.3054,0.000000,0.0000,0.104014
483,6.3178,0.000000,0.0000,0.104014
484,6.3303,0.000000,0.0000,0.104014
485,6.3434,0.000000,0.0000,0.104014
486,6.3569,0.000000,0.0000,0.104014
487,6.3688,0.000000,0.0000,0.104014
488,6.3830,0.000000,0.0000,0.104014
489,6.3956,0.000000,0.0000,0.104014
490,6.4086,0.000000,0.0000,0.104014
491,6.4206,0.000000,0.0000,0.104014
492,6.4327,0.000000,0.0000,0.104014
493,6.4460,0.000000,0.0000,0.104014
494,6.4585,0.000000,0.0000,0.104014
495,6.4717,0.000000,0.0000,0.104014
496,6.4833,0.000000,0.0000,0.104014
497,6.4961,0.000000,0.0000,0.104014
498,6.5088,0.000000,0.0000,0.104014
499,6.5209,0.000000,0.0000,0.104014
500,6.5333,0.000000,0.0000,0.104014
501,6.5459,0.000000,0.0000,0.104014
502,6.5587,0.000000,0.0000,0.104014
503,6.5709,0.000000,0.0000,0.104014
504,6.5832,0.000000,0.0000,0.104014
505,6.5960,0.000000,0.0000,0.104014
506,6.6091,0.000000,0.0000,0.104014
507,6.6212,0.000000,0.0000,0.104014
508,6.6343,0.000000,0.0000,0.104014
509,6.6467,0.000000,0.0000,0.104014
510,6.6592,0.000000,0.0000,0.104014
511,6.6716,0.000000,0.0000,0.104014
512,6.6846,0.000000,0.0000,0.104014
513,6.6969,0.000000,0.0000,0.104014
514,6.7095,0.000000,0.0000,0.104014
515,6.7220,0.000000,0.0000,0.104014
516,6.7351,0.000000,0.0000,0.104014
517,6.7478,0.000000,0.0000,0.104014
518,6.7605,0.000000,0.0000,0.104014
519,6.7741,0.000000,0.0000,0.104014
520,6.7867,0.000000,0.0000,0.104014
521,6.7994,0.000000,0.0000,0.104014
522,6.8126,0.000000,0.0000,0.104014
523,6.8255,0.000000,0.0000,0.104014
524,6.8380,0.000000,0.0000,0.104014
525,6.8512,0.000000,0.0000,0.104014
526,6.8636,0.000000,0.0000,0.104014
527,6.8761,0.000000,0.0000,0.104014
528,6.8888,0.000000,0.0000,0.104014
529,6.9019,0.000000,0.0000,0.104014
530,6.9155,0.000000,0.0000,0.104014
531,6.9276,0.000000,0.0000,0.104014
532,6.9409,0.000000,0.0000,0.104014
533,6.9547,0.000000,0.0000,0.104014
534,6.9671,0.000000,0.0000,0.104014
535,6.9801,0.000000,0.0000,0.104014
536,6.9922,0.000000,0.0000,0.104014
537,7.0042,0.000000,0.0000,0.104014
538,7.0169,0.000000,0.0000,0.104014
539,7.0301,0.000000,0.0000,0.104014
540,7.0425,0.000000,0.0000,0.104014
541,7.0543,0.000000,0.0000,0.104014
542,7.0667,0.000000,0.0000,0.104014
543,7.0795,0.000000,0.0000,0.104014
544,7.0919,0.000000,0.0000,0.104014
545,7.1046,0.000000,0.0000,0.104014
546,7.1170,0.000000,0.0000,0.104014
547,7.1301,0.000000,0.0000,0.104014
548,7.1431,0.000000,0.0000,0.104014
549,7.1556,0.000000,0.0000,0.104014
550,7.1683,0.000000,0.0000,0.104014
551,7.1821,0.000000,0.0000,0.104014
552,7.1943,0.000000,0.0000,0.104014
553,7.2075,0.000000,0.0000,0.104014
554,7.2199,0.000000,0.0000,0.104014
555,7.2329,0.000000,0.0000,0.104014
556,7.2458,0.000000,0.0000,0.104014
557,7.2587,0.000000,0.0000,0.104014
558,7.2713,0.000000,0.0000,0.104014
559,7.2836,0.000000,0.0000,0.104014
560,7.2958,0.000000,0.0000,0.104014
561,7.3081,0.000000,0.0000,0.104014
562,7.3204,0.000000,0.0000,0.104014
563,7.3327,0.000000,0.0000,0.104014
564,7.3456,0.000000,0.0000,0.104014
565,7.3586,0.000000,0.0000,0.104014
566,7.3712,0.000000,0.0000,0.104014
567,7.3836,0.000000,0.0000,0.104014
568,7.3964,0.000000,0.0000,0.104014
569,7.4094,0.000000,0.0000,0.104014
570,7.4214,0.000000,0.0000,0.104014
571,7.4341,0.000000,0.0000,0.104014
572,7.4477,0.000000,0.0000,0.104014
573,7.4604,0.000000,0.0000,0.104014
574,7.4734,0.000000,0.0000,0.104014
575,7.4852,0.000000,0.0000,0.104014
576,7.4977,0.000000,0.0000,0.104014
577,7.5100,0.000000,0.0000,0.104014
578,7.5227,0.000000,0.0000,0.104014
579,7.5352,0.000000,0.0000,0.104014
580,7.5479,0.000000,0.0000,0.104014
581,7.5603,0.000000,0.0000,0.104014
582,7.5727,0.000000,0.0000,0.104014
583,7.5849,0.000000,0.0000,0.104014
584,7.5968,0.000000,0.0000,0.104014
585,7.6095,0.000000,0.0000,0.104014
586,7.6216,0.000000,0.0000,0.104014
587,7.6342,0.000000,0.0000,0.104014
588,7.6467,0.000000,0.0000,0.104014
589,7.6599,0.000000,0.0000,0.104014
590,7.6721,0.000000,0.0000,0.104014
591,7.6846,0.000000,0.0000,0.104014
592,7.7138,0.000000,0.0000,0.104014
593,7.7261,0.000000,0.0000,0.104014
594,7.7385,0.000000,0.0000,0.104014
595,7.7521,0.000000,0.0000,0.104014
596,7.7650,0.000000,0.0000,0.104014
597,7.7770,0.000000,0.0000,0.104014
598,7.7893,0.000000,0.0000,0.104014
599,7.8022,0.000000,0.0000,0.104014
600,7.8149,0.000000,0.0000,0.104014
601,7.8269,0.000000,0.0000,0.104014
602,7.8392,0.000000,0.0000,0.104014
603,7.8533,0.000000,0.0000,0.104014
604,7.8659,0.000000,0.0000,0.104014
605,7.8783,0.000000,0.0000,0.104014
606,7.8997,0.000000,0.0000,0.094291
607,7.9131,0.000000,0.0000,0.094291
608,7.9263,0.000000,0.0000,0.094291
609,7.9399,-0.000000,0.0000,0.094291
610,7.9658,-0.000001,0.0005,0.094308
611,7.9796,-0.000002,0.0017,0.094308
612,7.9933,-0.000012,0.0118,0.094423
613,8.0067,-0.000031,0.0308,0.094455
614,8.0212,-0.000058,0.0576,0.094504
615,8.0354,-0.000089,0.0890,0.094504
616,8.0490,-0.000128,0.1279,0.094618
617,8.0629,-0.000173,0.1730,0.094715
618,8.0761,-0.000229,0.2288,0.094761
619,8.0901,-0.000292,0.2918,0.094843
620,8.1038,-0.000359,0.3590,0.094893
621,8.1179,-0.000426,0.4259,0.094960
622,8.1324,-0.000488,0.4875,0.094996
623,8.1456,-0.000541,0.5410,0.095063
624,8.1592,-0.000586,0.5856,0.095127
625,8.1744,-0.000619,0.6191,0.095192
626,8.1881,-0.000641,0.6413,0.095255
627,8.2018,-0.000653,0.6531,0.095284
628,8.2156,-0.000659,0.6585,0.095356
629,8.2287,-0.000663,0.6628,0.095442
630,8.2420,-0.000671,0.6712,0.095512
631,8.2567,-0.000690,0.6896,0.095595
632,8.2716,-0.000718,0.7176,0.095628
633,8.2854,-0.000756,0.7560,0.095689
634,8.2994,-0.000803,0.8032,0.095737
635,8.3128,-0.000856,0.8558,0.095819
636,8.3265,-0.000910,0.9100,0.095857
637,8.3400,-0.000962,0.9620,0.095908
638,8.3540,-0.001009,1.0090,0.095971
639,8.3682,-0.001050,1.0495,0.096017
640,8.3816,-0.001082,1.0816,0.096090
641,8.3948,-0.001107,1.1072,0.096154
642,8.4083,-0.001123,1.1231,0.096161
643,8.4224,-0.001134,1.1336,0.096259
644,8.4364,-0.001145,1.1447,0.096337
645,8.4501,-0.001159,1.1595,0.096411
646,8.4638,-0.001180,1.1796,0.096506
647,8.4772,-0.001206,1.2064,0.096639
648,8.4909,-0.001238,1.2377,0.096708
649,8.5059,-0.001275,1.2746,0.096815
650,8.5196,-0.001318,1.3183,0.096966
651,8.5346,-0.001368,1.3676,0.097180
652,8.5505,-0.001424,1.4235,0.097339
653,8.5641,-0.001482,1.4820,0.097557
654,8.5776,-0.001538,1.5380,0.097698
655,8.5912,-0.001587,1.5872,0.097945
656,8.6055,-0.001626,1.6259,0.098206
657,8.6207,-0.001651,1.6513,0.098480
658,8.6344,-0.001664,1.6643,0.098633
659,8.6477,-0.001664,1.6641,0.098869
660,8.6610,-0.001653,1.6528,0.099073
661,8.6748,-0.001630,1.6295,0.099310
662,8.6903,-0.001597,1.5970,0.099497
663,8.7062,-0.001556,1.5558,0.099701
664,8.7209,-0.001510,1.5104,0.099856
665,8.7354,-0.001460,1.4603,0.100023
666,8.7495,-0.001408,1.4078,0.100158
667,8.7629,-0.001358,1.3581,0.100273
668,8.7763,-0.001313,1.3129,0.100361
669,8.7906,-0.001275,1.2745,0.100439
670,8.8045,-0.001244,1.2443,0.100504
671,8.8191,-0.001223,1.2234,0.100599
672,8.8338,-0.001211,1.2115,0.100613
673,8.8483,-0.001206,1.2064,0.100611
674,8.8615,-0.001204,1.2044,0.100628
675,8.8753,-0.001203,1.2027,0.100637
676,8.8904,-0.001200,1.2001,0.100711
677,8.9043,-0.001193,1.1927,0.100730
678,8.9191,-0.001178,1.1775,0.100757
679,8.9329,-0.001150,1.1505,0.100817
680,8.9466,-0.001112,1.1122,0.100843
681,8.9600,-0.001063,1.0633,0.100890
682,8.9738,-0.001008,1.0076,0.100911
683,8.9875,-0.000950,0.9498,0.100923
684,9.0019,-0.000897,0.8969,0.100999
685,9.0170,-0.000852,0.8515,0.100979
686,9.0300,-0.000817,0.8170,0.100922
687,9.0435,-0.000794,0.7942,0.100849
688,9.0571,-0.000784,0.7836,0.100775
689,9.0716,-0.000783,0.7833,0.100718
690,9.0856,-0.000791,0.7912,0.100678
691,9.0996,-0.000805,0.8048,0.100703
692,9.1138,-0.000820,0.8203,0.100707
693,9.1285,-0.000835,0.8347,0.100716
694,9.1434,-0.000846,0.8463,0.100763
695,9.1568,-0.000853,0.8535,0.100778
696,9.1707,-0.000857,0.8573,0.100759
697,9.1844,-0.000858,0.8582,0.100747
698,9.1979,-0.000856,0.8563,0.100764
699,9.2120,-0.000853,0.8533,0.100742
700,9.2252,-0.000851,0.8506,0.100691
701,9.2396,-0.000850,0.8497,0.100638
702,9.2541,-0.000851,0.8508,0.100595
703,9.2691,-0.000853,0.8533,0.100560
704,9.2824,-0.000858,0.8577,0.100499
705,9.2958,-0.000864,0.8641,0.100438
706,9.3093,-0.000872,0.8725,0.100408
707,9.3228,-0.000881,0.8815,0.100372
708,9.3378,-0.000891,0.8909,0.100327
709,9.3522,-0.000900,0.9004,0.100282
710,9.3663,-0.000910,0.9099,0.100290
711,9.3806,-0.000920,0.9202,0.100249
712,9.3946,-0.000932,0.9316,0.100239
713,9.4080,-0.000943,0.9434,0.100229
714,9.4239,-0.000958,0.9577,0.100235
715,9.4392,-0.000978,0.9785,0.100178
716,9.4536,-0.001007,1.0074,0.100134
717,9.4679,-0.001045,1.0449,0.100089
718,9.4832,-0.001090,1.0904,0.100021
719,9.4954,-0.001142,1.1422,0.099939
720,9.5088,-0.001198,1.1978,0.099844
721,9.5231,-0.001254,1.2543,0.099737
722,9.5390,-0.001310,1.3097,0.099608
723,9.5527,-0.001362,1.3621,0.099474
724,9.5676,-0.001408,1.4079,0.099400
725,9.5824,-0.001448,1.4475,0.099273
726,9.5983,-0.001482,1.4816,0.099152
727,9.6120,-0.001512,1.5122,0.099039
728,9.6258,-0.001541,1.5413,0.098950
729,9.6402,-0.001571,1.5708,0.098877
730,9.6543,-0.001600,1.6000,0.098879
731,9.6681,-0.001632,1.6316,0.098806
732,9.6816,-0.001667,1.6668,0.098747
733,9.6953,-0.001707,1.7066,0.098686
734,9.7098,-0.001750,1.7503,0.098636
735,9.7235,-0.001796,1.7958,0.098605
736,9.7390,-0.001837,1.8373,0.098641
737,9.7531,-0.001870,1.8704,0.098649
738,9.7670,-0.001891,1.8914,0.098631
739,9.7809,-0.001899,1.8986,0.098591
740,9.7941,-0.001892,1.8919,0.098534
741,9.8076,-0.001873,1.8730,0.098470
742,9.8221,-0.001845,1.8450,0.098407
743,9.8378,-0.001812,1.8118,0.098353
744,9.8529,-0.001778,1.7777,0.098314
745,9.8680,-0.001747,1.7469,0.098295
746,9.8833,-0.001723,1.7229,0.098295
747,9.8979,-0.001708,1.7082,0.098314
748,9.9112,-0.001704,1.7039,0.098348
749,9.9248,-0.001710,1.7101,0.098392
750,9.9392,-0.001725,1.7253,0.098440
751,9.9535,-0.001747,1.7471,0.098487
752,9.9673,-0.001772,1.7724,0.098525
753,9.9813,-0.001798,1.7980,0.098552
754,9.9949,-0.001821,1.8208,0.098564
755,10.0097,-0.001838,1.8381,0.098559
756,10.0232,-0.001848,1.8483,0.098542
757,10.0379,-0.001850,1.8505,0.098513
758,10.0517,-0.001845,1.8449,0.098477
759,10.0654,-0.001833,1.8327,0.098440
760,10.0803,-0.001816,1.8158,0.098405
761,10.0937,-0.001796,1.7964,0.098378
762,10.1080,-0.001777,1.7772,0.098362
763,10.1226,-0.001760,1.7604,0.098356
764,10.1365,-0.001748,1.7479,0.098363
765,10.1505,-0.001741,1.7409,0.098379
766,10.1651,-0.001740,1.7400,0.098403
767,10.1775,-0.001745,1.7449,0.098430
768,10.1930,-0.001755,1.7546,0.098458
769,10.2071,-0.001768,1.7677,0.098483
770,10.2214,-0.001782,1.7823,0.098502
771,10.2354,-0.001797,1.7967,0.098512
772,10.2506,-0.001809,1.8091,0.098514
773,10.2661,-0.001818,1.8181,0.098507
774,10.2790,-0.001823,1.8228,0.098493
775,10.2922,-0.001823,1.8229,0.098473
776,10.3066,-0.001819,1.8186,0.098452
777,10.3205,-0.001811,1.8108,0.098430
778,10.3345,-0.001801,1.8007,0.098413
779,10.3478,-0.001789,1.7895,0.098400
780,10.3608,-0.001779,1.7787,0.098394
781,10.3748,-0.001770,1.7696,0.098395
782,10.3905,-0.001763,1.7632,0.098402
783,10.4047,-0.001760,1.7601,0.098414
784,10.4188,-0.001760,1.7605,0.098430
785,10.4331,-0.001764,1.7641,0.098446
786,10.4462,-0.001770,1.7702,0.098461
787,10.4598,-0.001778,1.7781,0.098474
788,10.4744,-0.001787,1.7865,0.098482
789,10.4888,-0.001795,1.7945,0.098486
790,10.5030,-0.001801,1.8011,0.098484
791,10.5175,-0.001601,1.6013,0.112280
792,10.5312,-0.001257,1.2566,0.107820
793,10.5445,-0.000790,0.7900,0.103537
794,10.5576,-0.000261,0.2607,0.100757
795,10.5717,0.000268,0.2679,0.100311
796,10.5857,0.000739,0.7391,0.102166
797,10.6002,0.001105,1.1050,0.105194
798,10.6150,0.001332,1.3320,0.107996
799,10.6301,0.001404,1.4036,0.109455
800,10.6439,0.001321,1.3212,0.109125
801,10.6593,0.001101,1.1012,0.107288
802,10.6753,0.000774,0.7740,0.104774
803,10.6897,0.000380,0.3804,0.102646
804,10.7036,-0.000033,0.0334,0.101738
805,10.7181,-0.000421,0.4215,0.102292
806,10.7342,-0.000743,0.7432,0.103892
807,10.7495,-0.000968,0.9676,0.105734
808,10.7635,-0.001076,1.0758,0.107028
809,10.7788,-0.001063,1.0630,0.107303
810,10.7947,-0.000937,0.9371,0.106544
811,10.8107,-0.000717,0.7170,0.105133
812,10.8251,-0.000431,0.4314,0.103686
813,10.8396,-0.000114,0.1145,0.102787
814,10.8559,0.000198,0.1979,0.102743
815,10.8723,0.000472,0.4722,0.103469
816,10.8875,0.000681,0.6809,0.104567
817,10.9014,0.000805,0.8053,0.105537
818,10.9163,0.000836,0.8365,0.105992
819,10.9307,0.000777,0.7767,0.105795
820,10.9441,0.000637,0.6367,0.105082
821,10.9576,0.000436,0.4358,0.104179
822,10.9727,0.000199,0.1986,0.103464
823,10.9877,-0.000047,0.0473,0.103204
824,11.0025,-0.000275,0.2749,0.103451
825,11.0160,-0.000461,0.4607,0.104042
826,11.0308,-0.000587,0.5871,0.104690
827,11.0447,-0.000644,0.6435,0.105120
828,11.0588,-0.000628,0.6282,0.105176
829,11.0737,-0.000547,0.5465,0.104869
830,11.0877,-0.000411,0.4106,0.104353
831,11.1038,-0.000238,0.2377,0.103852
832,11.1196,-0.000049,0.0485,0.103563
833,11.1341,0.000136,0.1357,0.103579
834,11.1480,0.000296,0.2955,0.103856
835,11.1621,0.000415,0.4150,0.104249
836,11.1767,0.000483,0.4834,0.104581
837,11.1902,0.000496,0.4964,0.104721
838,11.2047,0.000456,0.4558,0.104629
839,11.2188,0.000369,0.3686,0.104363
840,11.2330,0.000246,0.2464,0.104043
841,11.2480,0.000104,0.1043,0.103803
842,11.2637,-0.000041,0.0414,0.103729
843,11.2776,-0.000175,0.1748,0.103830
844,11.2915,-0.000282,0.2823,0.104045
845,11.3060,-0.000354,0.3537,0.104271
846,11.3205,-0.000383,0.3832,0.104413
847,11.3359,-0.000370,0.3703,0.104420
848,11.3514,-0.000319,0.3187,0.104303
849,11.3648,-0.000236,0.2357,0.104117
850,11.3800,-0.000132,0.1318,0.103944
851,11.3944,-0.000019,0.0193,0.103851
852,11.4108,0.000089,0.0892,0.103866
853,11.4268,0.000182,0.1823,0.103969
854,11.4418,0.000251,0.2508,0.104108
855,11.4568,0.000289,0.2887,0.104221
856,11.4715,0.000294,0.2937,0.104264
857,11.4868,0.000267,0.2673,0.104225
858,11.5012,0.000214,0.2137,0.104128
859,11.5150,0.000140,0.1401,0.104016
860,11.5290,0.000055,0.0554,0.103935
861,11.5426,-0.000031,0.0307,0.103914
862,11.5565,-0.000109,0.1089,0.103954
863,11.5704,-0.000171,0.1711,0.104031
864,11.5840,-0.000212,0.2117,0.104110
865,11.5972,-0.000227,0.2272,0.104157
866,11.6103,-0.000218,0.2179,0.104155
867,11.6240,-0.000186,0.1860,0.104112
868,11.6384,-0.000136,0.1359,0.104046
869,11.6526,-0.000074,0.0739,0.103986
870,11.6669,-0.000007,0.0073,0.103956
871,11.6816,0.000056,0.0565,0.103963
872,11.6947,0.000111,0.1108,0.104001
873,11.7088,0.000150,0.1502,0.104050
874,11.7228,0.000171,0.1714,0.104088
875,11.7366,0.000173,0.1732,0.104102
876,11.7507,0.000157,0.1567,0.104087
877,11.7645,0.000124,0.1244,0.104052
878,11.7778,0.000080,0.0805,0.104013
879,11.7915,0.000030,0.0303,0.103986
880,11.8054,-0.000020,0.0204,0.103979
881,11.8194,-0.000066,0.0662,0.103994
882,11.8327,-0.000102,0.1024,0.104021
883,11.8464,-0.000126,0.1256,0.104048
884,11.8598,-0.000134,0.1340,0.104064
885,11.8740,-0.000128,0.1280,0.104063
886,11.8877,-0.000109,0.1089,0.104048
887,11.9012,-0.000079,0.0791,0.104024
888,11.9147,-0.000042,0.0425,0.104004
889,11.9276,-0.000003,0.0033,0.103994
890,11.9413,0.000034,0.0342,0.103997
891,11.9554,0.000066,0.0659,0.104010
892,11.9702,0.000089,0.0888,0.104027
893,11.9835,0.000101,0.1009,0.104040
894,11.9969,0.000102,0.1017,0.104045
895,12.0100,0.000092,0.0919,0.104039
896,12.0240,0.000073,0.0729,0.104027
897,12.0386,0.000047,0.0472,0.104014
898,12.0528,0.000018,0.0177,0.104004
899,12.0659,-0.000012,0.0120,0.104002
900,12.0794,-0.000039,0.0388,0.104007
901,12.0936,-0.000060,0.0600,0.104017
902,12.1079,-0.000074,0.0735,0.104026
903,12.1222,-0.000078,0.0783,0.104031
904,12.1360,-0.000075,0.0749,0.104031
905,12.1500,-0.000064,0.0640,0.104026
906,12.1630,-0.000047,0.0468,0.104018
907,12.1767,-0.000025,0.0255,0.104011
908,12.1907,-0.000003,0.0026,0.104007
909,12.2042,0.000019,0.0193,0.104008
910,12.2180,0.000038,0.0379,0.104013
911,12.2316,0.000051,0.0514,0.104018
912,12.2442,0.000059,0.0585,0.104023
913,12.2586,0.000059,0.0592,0.104025
914,12.2728,0.000054,0.0539,0.104023
915,12.2871,0.000043,0.0433,0.104019
916,12.3007,0.000029,0.0286,0.104014
917,12.3145,0.000012,0.0117,0.104011
918,12.3279,-0.000006,0.0056,0.104010
919,12.3425,-0.000021,0.0213,0.104012
920,12.3566,-0.000034,0.0338,0.104015
921,12.3708,-0.000042,0.0420,0.104018
922,12.3846,-0.000045,0.0450,0.104020
923,12.3983,-0.000044,0.0436,0.104020
924,12.4117,-0.000038,0.0378,0.104018
925,12.4252,-0.000028,0.0284,0.104016
926,12.4396,-0.000016,0.0165,0.104013
927,12.4533,-0.000003,0.0035,0.104012
928,12.4672,0.000009,0.0092,0.104012
929,12.4811,0.000020,0.0201,0.104013
930,12.4949,0.000028,0.0283,0.104015
931,12.5082,0.000033,0.0329,0.104017
932,12.5230,0.000034,0.0337,0.104018
933,12.5369,0.000031,0.0314,0.104017
934,12.5506,0.000026,0.0260,0.104016
935,12.5643,0.000018,0.0183,0.104015
936,12.5773,0.000009,0.0090,0.104013
937,12.5910,-0.000001,0.0008,0.104013
938,12.6052,-0.000010,0.0099,0.104013
939,12.6191,-0.000017,0.0173,0.104014
940,12.6329,-0.000022,0.0225,0.104015
941,12.6462,-0.000025,0.0247,0.104016
942,12.6595,-0.000025,0.0246,0.104016
943,12.6733,-0.000022,0.0222,0.104016
944,12.6874,-0.000018,0.0177,0.104015
945,12.7011,-0.000012,0.0116,0.104014
946,12.7147,-0.000005,0.0047,0.104014
947,12.7282,0.000002,0.0023,0.104013
948,12.7419,0.000009,0.0087,0.104014
949,12.7562,0.000014,0.0138,0.104014
950,12.7701,0.000017,0.0170,0.104015
951,12.7836,0.000018,0.0178,0.104015
952,12.7967,0.000017,0.0174,0.104015
953,12.8100,0.000015,0.0155,0.104015
954,12.8239,0.000012,0.0121,0.104015
955,12.8378,0.000008,0.0076,0.104014
956,12.8518,0.000003,0.0027,0.104014
957,12.8651,-0.000002,0.0023,0.104014
958,12.8784,-0.000007,0.0067,0.104014
959,12.8920,-0.000010,0.0101,0.104014
960,12.9063,-0.000012,0.0120,0.104015
961,12.9201,-0.000012,0.0123,0.104015
962,12.9336,-0.000012,0.0121,0.104015
963,12.9465,-0.000011,0.0108,0.104015
964,12.9604,-0.000008,0.0085,0.104014
965,12.9736,-0.000005,0.0054,0.104014
966,12.9878,-0.000002,0.0019,0.104014
967,13.0023,0.000001,0.0015,0.104014
968,13.0161,0.000004,0.0044,0.104014
969,13.0291,0.000007,0.0066,0.104014
970,13.0425,0.000008,0.0076,0.104014
971,13.0557,0.000008,0.0076,0.104014
972,13.0695,0.000008,0.0076,0.104014
973,13.0836,0.000007,0.0070,0.104014
974,13.0967,0.000006,0.0058,0.104014
975,13.1099,0.000004,0.0042,0.104014
976,13.1242,0.000002,0.0023,0.104014
977,13.1377,0.000000,0.0002,0.104014
978,13.1527,-0.000002,0.0017,0.104014
979,13.1661,-0.000003,0.0031,0.104014
980,13.1798,-0.000003,0.0035,0.104014
981,13.1930,-0.000003,0.0035,0.104014
982,13.2066,-0.000003,0.0035,0.104014
983,13.2201,-0.000003,0.0035,0.104014
984,13.2336,-0.000003,0.0035,0.104014
985,13.2466,-0.000003,0.0034,0.104014
986,13.2611,-0.000003,0.0030,0.104014
987,13.2752,-0.000003,0.0026,0.104014
988,13.2887,-0.000002,0.0019,0.104014
989,13.3032,-0.000001,0.0013,0.104014
990,13.3167,-0.000001,0.0005,0.104014
991,13.3297,-0.000000,0.0001,0.104014
992,13.3436,0.000000,0.0001,0.104014
993,13.3579,0.000000,0.0001,0.104014
994,13.3716,0.000000,0.0002,0.104014
995,13.3850,0.000000,0.0002,0.104014
996,13.3988,0.000000,0.0002,0.104014
997,13.4117,0.000000,0.0002,0.104014
998,13.4253,0.000000,0.0002,0.104014
999,13.4397,0.000000,0.0002,0.104014
1000,13.4541,0.000000,0.0002,0.104014
1001,13.4677,0.000000,0.0002,0.104014
1002,13.4812,0.000000,0.0002,0.104014
1003,13.4940,0.000000,0.0002,0.104014
1004,13.5080,0.000000,0.0002,0.104014
1005,13.5217,0.000000,0.0002,0.104014
1006,13.5354,0.000000,0.0002,0.104014
1007,13.5489,0.000000,0.0002,0.104014
1008,13.5617,0.000000,0.0002,0.104014
1009,13.5752,0.000000,0.0002,0.104014
1010,13.5890,0.000000,0.0002,0.104014
1011,13.6022,0.000000,0.0002,0.104014
1012,13.6160,0.000000,0.0002,0.104014
1013,13.6291,0.000000,0.0002,0.104014
1014,13.6426,0.000000,0.0002,0.104014
1015,13.6583,0.000000,0.0002,0.104014
1016,13.6721,0.000000,0.0002,0.104014
1017,13.6857,0.000000,0.0002,0.104014
1018,13.6996,0.000000,0.0002,0.104014
1019,13.7129,0.000000,0.0002,0.104014
1020,13.7267,0.000000,0.0002,0.104014
1021,13.7404,0.000000,0.0002,0.104014
1022,13.7556,0.000000,0.0002,0.104014
1023,13.7700,0.000000,0.0002,0.104014
1024,13.7862,0.000000,0.0002,0.104014
1025,13.7991,0.000000,0.0002,0.104014
1026,13.8128,0.000000,0.0002,0.104014
1027,13.8261,0.000000,0.0002,0.104014
1028,13.8407,0.000000,0.0002,0.104014
1029,13.8550,0.000000,0.0002,0.104014
1030,13.8697,0.000000,0.0002,0.104014
1031,13.8828,0.000000,0.0002,0.104014
1032,13.8971,0.000000,0.0002,0.104014
1033,13.9098,0.000000,0.0002,0.104014
1034,13.9235,0.000000,0.0002,0.104014
1035,13.9374,0.000000,0.0002,0.104014
1036,13.9509,0.000000,0.0002,0.104014
1037,13.9637,0.000000,0.0002,0.104014
1038,13.9772,0.000000,0.0002,0.104014
1039,13.9907,0.000000,0.0002,0.104014
1040,14.0054,0.000000,0.0002,0.104014
1041,14.0200,0.000000,0.0002,0.104014
1042,14.0347,0.000000,0.0002,0.104014
1043,14.0474,0.000000,0.0002,0.104014
1044,14.0607,0.000000,0.0002,0.104014
1045,14.0742,0.000000,0.0002,0.104014
1046,14.0876,0.000000,0.0002,0.104014
1047,14.1014,0.000000,0.0002,0.104014
1048,14.1155,0.000000,0.0002,0.104014
1049,14.1297,0.000000,0.0002,0.104014
1050,14.1441,0.000000,0.0002,0.104014
1051,14.1577,0.000000,0.0002,0.104014
1052,14.1718,0.000000,0.0002,0.104014
1053,14.1870,0.000000,0.0002,0.104014
1054,14.2011,0.000000,0.0002,0.104014
1055,14.2148,0.000000,0.0002,0.104014
1056,14.2282,0.000000,0.0002,0.104014
1057,14.2415,0.000000,0.0002,0.104014
1058,14.2554,0.000000,0.0002,0.104014
1059,14.2690,0.000000,0.0002,0.104014
1060,14.2830,0.000000,0.0002,0.104014
1061,14.2962,0.000000,0.0002,0.104014
1062,14.3097,0.000000,0.0002,0.104014
1063,14.3239,0.000000,0.0002,0.104014
1064,14.3379,0.000000,0.0002,0.104014
1065,14.3524,0.000000,0.0002,0.104014
1066,14.3658,0.000000,0.0002,0.104014
1067,14.3794,0.000000,0.0002,0.104014
1068,14.3935,0.000000,0.0002,0.104014
1069,14.4079,0.000000,0.0002,0.104014
1070,14.4218,0.000000,0.0002,0.104014
1071,14.4352,0.000000,0.0002,0.104014
1072,14.4488,0.000000,0.0002,0.104014
1073,14.4623,0.000000,0.0002,0.104014
1074,14.4770,0.000000,0.0002,0.104014
1075,14.4903,0.000000,0.0002,0.104014
1076,14.5039,0.000000,0.0002,0.104014
1077,14.5174,0.000000,0.0002,0.104014
1078,14.5313,0.000000,0.0002,0.104014
1079,14.5458,0.000000,0.0002,0.104014
1080,14.5613,0.000000,0.0002,0.104014
1081,14.5744,0.000000,0.0002,0.104014
1082,14.5884,0.000000,0.0002,0.104014
1083,14.6021,0.000000,0.0002,0.104014
1084,14.6163,0.000000,0.0002,0.104014
1085,14.6305,0.000000,0.0002,0.104014
1086,14.6448,0.000000,0.0002,0.104014
1087,14.6584,0.000000,0.0002,0.104014
1088,14.6724,0.000000,0.0002,0.104014
1089,14.6860,0.000000,0.0002,0.104014
1090,14.6996,0.000000,0.0002,0.104014
1091,14.7141,0.000000,0.0002,0.104014
1092,14.7287,0.000000,0.0002,0.104014
1093,14.7428,0.000000,0.0002,0.104014
1094,14.7567,0.000000,0.0002,0.104014
1095,14.7702,0.000000,0.0002,0.104014
1096,14.7834,0.000000,0.0002,0.104014
1097,14.7978,0.000000,0.0002,0.104014
1098,14.8120,0.000000,0.0002,0.104014
1099,14.8267,0.000000,0.0002,0.104014
1100,14.8405,0.000000,0.0002,0.104014
1101,14.8542,0.000000,0.0002,0.104014
1102,14.8677,0.000000,0.0002,0.104014
1103,14.8811,0.000000,0.0002,0.104014
1104,14.8965,0.000000,0.0002,0.104014
1105,14.9112,0.000000,0.0002,0.104014
1106,14.9265,0.000000,0.0002,0.104014
1107,14.9405,0.000000,0.0002,0.104014
1108,14.9539,0.000000,0.0002,0.104014
1109,14.9680,0.000000,0.0002,0.104014
1110,14.9812,0.000000,0.0002,0.104014
1111,14.9956,0.000000,0.0002,0.104014
1112,15.0091,0.000000,0.0002,0.104014
1113,15.0220,0.000000,0.0002,0.104014
1114,15.0362,0.000000,0.0002,0.104014
1115,15.0493,0.000000,0.0002,0.104014
1116,15.0636,0.000000,0.0002,0.104014
1117,15.0772,0.000000,0.0002,0.104014
1118,15.0908,0.000000,0.0002,0.104014
1119,15.1038,0.000000,0.0002,0.104014
1120,15.1168,0.000000,0.0002,0.104014
1121,15.1301,0.000000,0.0002,0.104014
1122,15.1438,0.000000,0.0002,0.104014
1123,15.1576,0.000000,0.0002,0.104014
1124,15.1726,0.000000,0.0002,0.104014
1125,15.1862,0.000000,0.0002,0.104014
1126,15.1990,0.000000,0.0002,0.104014
1127,15.2136,0.000000,0.0002,0.104014
1128,15.2281,0.000000,0.0002,0.104014
1129,15.2420,0.000000,0.0002,0.104014
1130,15.2557,0.000000,0.0002,0.104014
1131,15.2696,0.000000,0.0002,0.104014
1132,15.2834,0.000000,0.0002,0.104014
1133,15.2978,0.000000,0.0002,0.104014
1134,15.3121,0.000000,0.0002,0.104014
1135,15.3260,0.000000,0.0002,0.104014
1136,15.3401,0.000000,0.0002,0.104014
1137,15.3536,0.000000,0.0002,0.104014
1138,15.3670,0.000000,0.0002,0.104014
1139,15.3813,0.000000,0.0002,0.104014
1140,15.3948,0.000000,0.0002,0.104014
1141,15.4093,0.000000,0.0002,0.104014
1142,15.4229,0.000000,0.0002,0.104014
1143,15.4381,0.000000,0.0002,0.104014
1144,15.4516,0.000000,0.0002,0.104014
1145,15.4669,0.000000,0.0002,0.104014
1146,15.4806,0.000000,0.0002,0.104014
1147,15.4944,0.000000,0.0002,0.104014
1148,15.5081,0.000000,0.0002,0.104014
1149,15.5217,0.000000,0.0002,0.104014
1150,15.5349,0.000000,0.0002,0.104014
1151,15.5481,0.000000,0.0002,0.104014
1152,15.5621,0.000000,0.0002,0.104014
1153,15.5762,0.000000,0.0002,0.104014
1154,15.5898,0.000000,0.0002,0.104014
1155,15.6032,0.000000,0.0002,0.104014
1156,15.6174,0.000000,0.0002,0.104014
1157,15.6311,0.000000,0.0002,0.104014
1158,15.6446,0.000000,0.0002,0.104014
1159,15.6585,0.000000,0.0002,0.104014
1160,15.6723,0.000000,0.0002,0.104014
1161,15.6855,0.000000,0.0002,0.104014
1162,15.7005,0.000000,0.0002,0.104014
1163,15.7137,0.000000,0.0002,0.104014
1164,15.7286,0.000000,0.0002,0.104014
1165,15.7422,0.000000,0.0002,0.104014
1166,15.7573,0.000000,0.0002,0.104014
1167,15.7721,0.000000,0.0002,0.104014
1168,15.7853,0.000000,0.0002,0.104014
1169,15.7996,0.000000,0.0002,0.104014
1170,15.8132,0.000000,0.0002,0.104014
1171,15.8282,0.000000,0.0002,0.104014
1172,15.8424,0.000000,0.0002,0.104014
1173,15.8570,0.000000,0.0002,0.104014
1174,15.8717,0.000000,0.0002,0.104014
1175,15.8859,0.000000,0.0002,0.104014
1176,15.8984,0.000000,0.0002,0.104014
1177,15.9116,0.000000,0.0002,0.104014
1178,15.9253,0.000000,0.0002,0.104014
1179,15.9398,0.000000,0.0002,0.104014
1180,15.9534,0.000000,0.0002,0.104014
1181,15.9678,0.000000,0.0002,0.104014
1182,15.9812,0.000000,0.0002,0.104014
1183,15.9949,0.000000,0.0002,0.104014
1184,16.0091,0.000000,0.0002,0.104014
1185,16.0225,0.000000,0.0002,0.104014
1186,16.0369,0.000000,0.0002,0.104014
1187,16.0503,0.000000,0.0002,0.104014
1188,16.0636,0.000000,0.0002,0.104014
1189,16.0781,0.000000,0.0002,0.104014
1190,16.0939,0.000000,0.0002,0.104014
1191,16.1087,0.000000,0.0002,0.104014
1192,16.1239,0.000000,0.0002,0.104014
1193,16.1378,0.000000,0.0002,0.104014
1194,16.1518,0.000000,0.0002,0.104014
1195,16.1653,0.000000,0.0002,0.104014
1196,16.1799,0.000000,0.0002,0.104014
1197,16.1939,0.000000,0.0002,0.104014
1198,16.2080,0.000000,0.0002,0.104014
1199,16.2228,0.000000,0.0002,0.104014
1200,16.2369,0.000000,0.0002,0.104014
1201,16.2501,0.000000,0.0002,0.104014
1202,16.2645,0.000000,0.0002,0.104014
1203,16.2786,0.000000,0.0002,0.104014
1204,16.2931,0.000000,0.0002,0.104014
1205,16.3072,0.000000,0.0002,0.104014
1206,16.3207,0.000000,0.0002,0.104014
1207,16.3333,0.000000,0.0002,0.104014
1208,16.3471,0.000000,0.0002,0.104014
1209,16.3611,0.000000,0.0002,0.104014
1210,16.3756,0.000000,0.0002,0.104014
1211,16.3904,0.000000,0.0002,0.104014
1212,16.4035,0.000000,0.0002,0.104014
1213,16.4165,0.000000,0.0002,0.104014
1214,16.4305,0.000000,0.0002,0.104014
1215,16.4455,0.000000,0.0002,0.104014
1216,16.4610,0.000000,0.0002,0.104014
1217,16.4789,0.000000,0.0002,0.104014
1218,16.4965,0.000000,0.0002,0.094279
1219,16.5094,0.000000,0.0002,0.094279
1220,16.5247,-0.000000,0.0001,0.094279
1221,16.5385,-0.000004,0.0045,0.094296
1222,16.5520,-0.000017,0.0175,0.094345
1223,16.5658,-0.000047,0.0466,0.094427
1224,16.5795,-0.000100,0.0997,0.094589
1225,16.5945,-0.000188,0.1881,0.094828
1226,16.6084,-0.000310,0.3104,0.094982
1227,16.6219,-0.000473,0.4726,0.095367
1228,16.6352,-0.000681,0.6814,0.095820
1229,16.6495,-0.000936,0.9361,0.096302
1230,16.6636,-0.001217,1.2169,0.096548
1231,16.6776,-0.001518,1.5176,0.097034
1232,16.6916,-0.001821,1.8212,0.097503
1233,16.7049,-0.002110,2.1101,0.097943
1234,16.7184,-0.002357,2.3575,0.098329
1235,16.7320,-0.002549,2.5487,0.098805
1236,16.7471,-0.002674,2.6741,0.099207
1237,16.7608,-0.002727,2.7271,0.099599
1238,16.7760,-0.002707,2.7069,0.099936
1239,16.7899,-0.002618,2.6176,0.100217
1240,16.8037,-0.002472,2.4716,0.100393
1241,16.8175,-0.002284,2.2839,0.100490
1242,16.8313,-0.002080,2.0801,0.100691
1243,16.8462,-0.001880,1.8795,0.100542
1244,16.8602,-0.001697,1.6968,0.100359
1245,16.8742,-0.001542,1.5416,0.100182
1246,16.8876,-0.001423,1.4234,0.100012
1247,16.9010,-0.001348,1.3482,0.099885
1248,16.9153,-0.001316,1.3159,0.099824
1249,16.9292,-0.001326,1.3262,0.099969
1250,16.9430,-0.001370,1.3697,0.099987
1251,16.9564,-0.001437,1.4371,0.100024
1252,16.9699,-0.001515,1.5150,0.100118
1253,16.9840,-0.001593,1.5934,0.100372
1254,16.9982,-0.001661,1.6615,0.100436
1255,17.0114,-0.001711,1.7105,0.100470
1256,17.0258,-0.001737,1.7367,0.100450
1257,17.0397,-0.001739,1.7388,0.100491
1258,17.0541,-0.001720,1.7198,0.100319
1259,17.0690,-0.001687,1.6872,0.100062
1260,17.0830,-0.001658,1.6583,0.099698
1261,17.0985,-0.001647,1.6467,0.099305
1262,17.1121,-0.001664,1.6640,0.098910
1263,17.1258,-0.001717,1.7173,0.098542
1264,17.1408,-0.001802,1.8023,0.098353
1265,17.1544,-0.001909,1.9092,0.098280
1266,17.1691,-0.002024,2.0237,0.098305
1267,17.1824,-0.002131,2.1313,0.098363
1268,17.1969,-0.002219,2.2194,0.098445
1269,17.2104,-0.002278,2.2785,0.098540
1270,17.2244,-0.002303,2.3032,0.098635
1271,17.2385,-0.002293,2.2931,0.098718
1272,17.2523,-0.002251,2.2514,0.098779
1273,17.2672,-0.002186,2.1855,0.098811
1274,17.2808,-0.002105,2.1051,0.098813
1275,17.2941,-0.002021,2.0208,0.098786
1276,17.3078,-0.001943,1.9432,0.098734
1277,17.3215,-0.001881,1.8815,0.098667
1278,17.3360,-0.001842,1.8419,0.098594
1279,17.3497,-0.001828,1.8279,0.098523
1280,17.3642,-0.001839,1.8394,0.098464
1281,17.3774,-0.001873,1.8734,0.098424
1282,17.3924,-0.001924,1.9242,0.098406
1283,17.4066,-0.001984,1.9845,0.098411
1284,17.4217,-0.002046,2.0463,0.098438
1285,17.4354,-0.002102,2.1019,0.098481
1286,17.4487,-0.002145,2.1450,0.098535
1287,17.4631,-0.002171,2.1712,0.098591
1288,17.4770,-0.002178,2.1783,0.098643
1289,17.4920,-0.002167,2.1668,0.098684
1290,17.5071,-0.002139,2.1394,0.098710
1291,17.5227,-0.002100,2.1004,0.098719
1292,17.5373,-0.002055,2.0554,0.098709
1293,17.5515,-0.002010,2.0103,0.098684
1294,17.5672,-0.001970,1.9705,0.098648
1295,17.5809,-0.001941,1.9405,0.098606
1296,17.5957,-0.001923,1.9234,0.098563
1297,17.6105,-0.001920,1.9204,0.098526
1298,17.6249,-0.001931,1.9309,0.098498
1299,17.6390,-0.001953,1.9527,0.098482
1300,17.6529,-0.001982,1.9824,0.098480
1301,17.6663,-0.002016,2.0158,0.098490
1302,17.6814,-0.002049,2.0487,0.098512
1303,17.6950,-0.002077,2.0770,0.098541
1304,17.7087,-0.002098,2.0976,0.098574
1305,17.7227,-0.002109,2.1086,0.098606
1306,17.7367,-0.002109,2.1091,0.098633
1307,17.7501,-0.002100,2.1000,0.098652
1308,17.7636,-0.002083,2.0828,0.098661
1309,17.7801,-0.002060,2.0602,0.098659
1310,17.7950,-0.002035,2.0354,0.098648
1311,17.8100,-0.002011,2.0115,0.098629
1312,17.8244,-0.001991,1.9913,0.098606
1313,17.8383,-0.001977,1.9771,0.098581
1314,17.8538,-0.001970,1.9702,0.098557
1315,17.8683,-0.001971,1.9710,0.098538
1316,17.8815,-0.001979,1.9788,0.098526
1317,17.8948,-0.001992,1.9922,0.098522
1318,17.9090,-0.002009,2.0092,0.098525
1319,17.9233,-0.002028,2.0276,0.098536
1320,17.9372,-0.002045,2.0448,0.098551
1321,17.9523,-0.002059,2.0590,0.098570
1322,17.9662,-0.002069,2.0687,0.098589
1323,17.9801,-0.002073,2.0728,0.098606
1324,17.9934,-0.002071,2.0714,0.098619
1325,18.0072,-0.002065,2.0649,0.098626
1326,18.0210,-0.002054,2.0544,0.098628
1327,18.0347,-0.002042,2.0416,0.098623
1328,18.0493,-0.002028,2.0280,0.098614
1329,18.0628,-0.002015,2.0155,0.098602
1330,18.0772,-0.002005,2.0054,0.098587
1331,18.0914,-0.001999,1.9989,0.098573
1332,18.1067,-0.001997,1.9965,0.098561
1333,18.1207,-0.001998,1.9982,0.098552
1334,18.1347,-0.002004,2.0035,0.098548
1335,18.1485,-0.002012,2.0116,0.098548
1336,18.1615,-0.002021,2.0212,0.098552
1337,18.1756,-0.002031,2.0311,0.098560
1338,18.1899,-0.002040,2.0401,0.098570
1339,18.2048,-0.002047,2.0471,0.098581
1340,18.2203,-0.002051,2.0514,0.098592
1341,18.2350,-0.002053,2.0527,0.098600
1342,18.2486,-0.002051,2.0510,0.098606
1343,18.2628,-0.002047,2.0467,0.098609
1344,18.2778,-0.002040,2.0405,0.098608
1345,18.2931,-0.002033,2.0332,0.098603
1346,18.3075,-0.002026,2.0259,0.098596
1347,18.3217,-0.002019,2.0194,0.098588
1348,18.3359,-0.002014,2.0144,0.098580
1349,18.3492,-0.002012,2.0116,0.098572
1350,18.3632,-0.002011,2.0110,0.098567
1351,18.3768,-0.002013,2.0126,0.098563
1352,18.3920,-0.002016,2.0161,0.098562
1353,18.4052,-0.002021,2.0208,0.098563
1354,18.4191,-0.002026,2.0262,0.098567
1355,18.4330,-0.002032,2.0315,0.098573
1356,18.4465,-0.002036,2.0361,0.098579
1357,18.4609,-0.002039,2.0395,0.098585
1358,18.4753,-0.002041,2.0413,0.098591
1359,18.4925,-0.002041,2.0414,0.098595
1360,18.5071,-0.002040,2.0400,0.098597
1361,18.5210,-0.002037,2.0372,0.098597
1362,18.5346,-0.002034,2.0336,0.098595
1363,18.5484,-0.002030,2.0296,0.098592
1364,18.5647,-0.002026,2.0256,0.098588
1365,18.5781,-0.002022,2.0223,0.098583
1366,18.5922,-0.002020,2.0199,0.098578
1367,18.6058,-0.002019,2.0188,0.098574
1368,18.6194,-0.001780,1.7797,0.114697
1369,18.6343,-0.001390,1.3896,0.108799
1370,18.6478,-0.000863,0.8625,0.103376
1371,18.6618,-0.000267,0.2667,0.099943
1372,18.6759,0.000325,0.3249,0.099403
1373,18.6901,0.000849,0.8495,0.101749
1374,18.7041,0.001254,1.2537,0.105516
1375,18.7184,0.001501,1.5008,0.108978
1376,18.7325,0.001573,1.5734,0.110766
1377,18.7461,0.001474,1.4736,0.110342
1378,18.7600,0.001220,1.2205,0.108058
1379,18.7737,0.000849,0.8489,0.104935
1380,18.7878,0.000405,0.4049,0.102292
1381,18.8020,-0.000059,0.0594,0.101174
1382,18.8157,-0.000492,0.4924,0.101886
1383,18.8296,-0.000849,0.8489,0.103891
1384,18.8441,-0.001095,1.0947,0.106180
1385,18.8582,-0.001210,1.2095,0.107772
1386,18.8726,-0.001189,1.1887,0.108098
1387,18.8864,-0.001041,1.0415,0.107143
1388,18.9030,-0.000790,0.7900,0.105385
1389,18.9180,-0.000467,0.4666,0.103586
1390,18.9321,-0.000110,0.1100,0.102476
1391,18.9465,0.000239,0.2395,0.102436
1392,18.9614,0.000544,0.5444,0.103353
1393,18.9765,0.000774,0.7742,0.104724
1394,18.9913,0.000908,0.9085,0.105925
1395,19.0061,0.000938,0.9381,0.106479
1396,19.0196,0.000866,0.8658,0.106223
1397,19.0344,0.000704,0.7044,0.105329
1398,19.0492,0.000476,0.4758,0.104204
1399,19.0637,0.000208,0.2080,0.103319
1400,19.0786,-0.000068,0.0678,0.103004
1401,19.0937,-0.000322,0.3216,0.103321
1402,19.1082,-0.000527,0.5271,0.104063
1403,19.1230,-0.000665,0.6650,0.104869
1404,19.1377,-0.000724,0.7240,0.105398
1405,19.1512,-0.000703,0.7026,0.105459
1406,19.1655,-0.000607,0.6070,0.105071
1407,19.1792,-0.000451,0.4513,0.104425
1408,19.1936,-0.000255,0.2554,0.103803
1409,19.2087,-0.000042,0.0424,0.103449
1410,19.2229,0.000164,0.1637,0.103475
1411,19.2376,0.000341,0.3411,0.103825
1412,19.2516,0.000472,0.4724,0.104316
1413,19.2661,0.000546,0.5459,0.104727
1414,19.2807,0.000557,0.5570,0.104896
1415,19.2949,0.000508,0.5081,0.104776
1416,19.3094,0.000407,0.4073,0.104441
1417,19.3238,0.000268,0.2681,0.104043
1418,19.3382,0.000108,0.1076,0.103747
1419,19.3528,-0.000056,0.0559,0.103658
1420,19.3668,-0.000205,0.2047,0.103789
1421,19.3803,-0.000323,0.3234,0.104059
1422,19.3942,-0.000401,0.4011,0.104340
1423,19.4080,-0.000431,0.4315,0.104514
1424,19.4220,-0.000414,0.4144,0.104520
1425,19.4363,-0.000354,0.3539,0.104370
1426,19.4499,-0.000259,0.2586,0.104138
1427,19.4634,-0.000141,0.1407,0.103923
1428,19.4776,-0.000014,0.0140,0.103810
1429,19.4916,0.000107,0.1075,0.103831
1430,19.5053,0.000211,0.2109,0.103961
1431,19.5195,0.000286,0.2860,0.104135
1432,19.5330,0.000326,0.3264,0.104275
1433,19.5465,0.000330,0.3299,0.104326
1434,19.5602,0.000298,0.2981,0.104276
1435,19.5744,0.000236,0.2360,0.104153
1436,19.5882,0.000152,0.1519,0.104014
1437,19.6017,0.000056,0.0561,0.103914
1438,19.6151,-0.000041,0.0407,0.103890
1439,19.6299,-0.000128,0.1279,0.103941
1440,19.6443,-0.000197,0.1966,0.104038
1441,19.6577,-0.000241,0.2406,0.104135
1442,19.6723,-0.000256,0.2563,0.104193
1443,19.6858,-0.000244,0.2442,0.104190
1444,19.6989,-0.000207,0.2067,0.104134
1445,19.7121,-0.000149,0.1490,0.104052
1446,19.7265,-0.000078,0.0784,0.103978
1447,19.7407,-0.000003,0.0032,0.103941
1448,19.7549,0.000068,0.0683,0.103951
1449,19.7685,0.000129,0.1286,0.103999
1450,19.7824,0.000172,0.1719,0.104060
1451,19.7956,0.000194,0.1943,0.104108
1452,19.8094,0.000195,0.1950,0.104124
1453,19.8235,0.000175,0.1750,0.104104
1454,19.8375,0.000137,0.1374,0.104060
1455,19.8521,0.000087,0.0870,0.104011
1456,19.8654,0.000030,0.0301,0.103978
1457,19.8786,-0.000027,0.0271,0.103971
1458,19.8925,-0.000078,0.0782,0.103990
1459,19.9061,-0.000118,0.1182,0.104024
1460,19.9200,-0.000143,0.1433,0.104058
1461,19.9348,-0.000152,0.1517,0.104077
1462,19.9487,-0.000144,0.1439,0.104075
1463,19.9629,-0.000121,0.1212,0.104055
1464,19.9777,-0.000087,0.0867,0.104026
1465,19.9917,-0.000045,0.0448,0.104001
1466,20.0057,-0.000000,0.0003,0.103988
1467,20.0194,0.000042,0.0418,0.103993
1468,20.0327,0.000077,0.0771,0.104010
1469,20.0461,0.000102,0.1022,0.104031
1470,20.0597,0.000115,0.1150,0.104047
1471,20.0732,0.000115,0.1150,0.104052
1472,20.0866,0.000103,0.1030,0.104045
1473,20.1000,0.000081,0.0807,0.104030
1474,20.1136,0.000051,0.0509,0.104013
1475,20.1273,0.000017,0.0173,0.104001
1476,20.1412,-0.000016,0.0164,0.103999
1477,20.1564,-0.000046,0.0465,0.104006
1478,20.1709,-0.000070,0.0699,0.104018
1479,20.1850,-0.000084,0.0845,0.104029
1480,20.1989,-0.000089,0.0893,0.104036
1481,20.2134,-0.000085,0.0847,0.104035
1482,20.2285,-0.000071,0.0715,0.104028
1483,20.2433,-0.000051,0.0513,0.104018
1484,20.2570,-0.000027,0.0267,0.104010
1485,20.2711,-0.000001,0.0006,0.104005
1486,20.2853,0.000024,0.0242,0.104007
1487,20.2995,0.000045,0.0449,0.104012
1488,20.3124,0.000060,0.0598,0.104020
1489,20.3258,0.000067,0.0673,0.104025
1490,20.3392,0.000067,0.0674,0.104027
1491,20.3542,0.000061,0.0607,0.104025
1492,20.3677,0.000048,0.0480,0.104020
1493,20.3822,0.000031,0.0308,0.104014
1494,20.3954,0.000011,0.0112,0.104010
1495,20.4098,-0.000008,0.0085,0.104009
1496,20.4234,-0.000026,0.0262,0.104011
1497,20.4368,-0.000040,0.0401,0.104015
1498,20.4500,-0.000049,0.0488,0.104019
1499,20.4632,-0.000052,0.0518,0.104021
1500,20.4770,-0.000050,0.0496,0.104021
1501,20.4918,-0.000042,0.0424,0.104019
1502,20.5055,-0.000031,0.0312,0.104016
1503,20.5192,-0.000017,0.0172,0.104013
1504,20.5332,-0.000002,0.0022,0.104011
1505,20.5470,0.000012,0.0123,0.104011
1506,20.5604,0.000025,0.0246,0.104013
1507,20.5740,0.000034,0.0336,0.104016
1508,20.5877,0.000038,0.0384,0.104018
1509,20.6029,0.000039,0.0389,0.104019
1510,20.6165,0.000036,0.0358,0.104018
1511,20.6315,0.000029,0.0291,0.104016
1512,20.6471,0.000020,0.0198,0.104014
1513,20.6626,0.000009,0.0088,0.104013
1514,20.6794,-0.000003,0.0026,0.104012
1515,20.6941,-0.000013,0.0129,0.104013
1516,20.7089,-0.000021,0.0213,0.104014
1517,20.7239,-0.000027,0.0268,0.104016
1518,20.7372,-0.000029,0.0290,0.104016
1519,20.7511,-0.000029,0.0286,0.104017
1520,20.7652,-0.000025,0.0253,0.104016
1521,20.7794,-0.000020,0.0197,0.104015
1522,20.7933,-0.000012,0.0123,0.104014
1523,20.8074,-0.000004,0.0040,0.104013
1524,20.8202,0.000004,0.0042,0.104013
1525,20.8334,0.000011,0.0114,0.104014
1526,20.8498,0.000017,0.0171,0.104014
1527,20.8631,0.000020,0.0205,0.104015
1528,20.8779,0.000021,0.0212,0.104015
1529,20.8922,0.000020,0.0205,0.104015
1530,20.9062,0.000018,0.0177,0.104015
1531,20.9197,0.000013,0.0133,0.104014
1532,20.9340,0.000008,0.0078,0.104014
1533,20.9476,0.000002,0.0018,0.104014
1534,20.9610,-0.000004,0.0040,0.104014
1535,20.9753,-0.000009,0.0091,0.104014
1536,20.9888,-0.000013,0.0128,0.104014
1537,21.0028,-0.000015,0.0148,0.104015
1538,21.0164,-0.000015,0.0151,0.104015
1539,21.0301,-0.000014,0.0145,0.104015
1540,21.0440,-0.000012,0.0124,0.104015
1541,21.0576,-0.000009,0.0092,0.104014
1542,21.0712,-0.000005,0.0053,0.104014
1543,21.0849,-0.000001,0.0011,0.104014
1544,21.0998,0.000003,0.0029,0.104014
1545,21.1138,0.000006,0.0064,0.104014
1546,21.1283,0.000009,0.0089,0.104014
1547,21.1422,0.000010,0.0097,0.104014
1548,21.1572,0.000010,0.0098,0.104014
1549,21.1707,0.000010,0.0096,0.104014
1550,21.1854,0.000008,0.0085,0.104014
1551,21.2011,0.000007,0.0066,0.104014
1552,21.2150,0.000004,0.0041,0.104014
1553,21.2290,0.000001,0.0014,0.104014
1554,21.2435,-0.000001,0.0011,0.104014
1555,21.2581,-0.000003,0.0033,0.104014
1556,21.2732,-0.000005,0.0049,0.104014
1557,21.2887,-0.000005,0.0052,0.104014
1558,21.3036,-0.000005,0.0052,0.104014
1559,21.3172,-0.000005,0.0052,0.104014
1560,21.3312,-0.000005,0.0052,0.104014
1561,21.3449,-0.000005,0.0048,0.104014
1562,21.3590,-0.000004,0.0040,0.104014
1563,21.3733,-0.000003,0.0029,0.104014
1564,21.3874,-0.000002,0.0016,0.104014
1565,21.4014,-0.000000,0.0002,0.104014
1566,21.4144,0.000001,0.0008,0.104014
1567,21.4283,0.000001,0.0013,0.104014
1568,21.4417,0.000001,0.0015,0.104014
1569,21.4554,0.000001,0.0015,0.104014
1570,21.4695,0.000001,0.0015,0.104014
1571,21.4827,0.000001,0.0015,0.104014
1572,21.4962,0.000001,0.0015,0.104014
1573,21.5102,0.000001,0.0015,0.104014
1574,21.5246,0.000001,0.0015,0.104014
1575,21.5382,0.000001,0.0015,0.104014
1576,21.5523,0.000001,0.0015,0.104014
1577,21.5656,0.000001,0.0015,0.104014
1578,21.5797,0.000001,0.0015,0.104014
1579,21.5942,0.000001,0.0015,0.104014
1580,21.6083,0.000001,0.0015,0.104014
1581,21.6214,0.000001,0.0015,0.104014
1582,21.6363,0.000001,0.0015,0.104014
1583,21.6514,0.000001,0.0015,0.104014
1584,21.6656,0.000001,0.0015,0.104014
1585,21.6791,0.000001,0.0013,0.104014
1586,21.6927,0.000001,0.0012,0.104014
1587,21.7066,0.000001,0.0011,0.104014
1588,21.7225,0.000001,0.0011,0.104014
1589,21.7360,0.000001,0.0011,0.104014
1590,21.7501,0.000001,0.0011,0.104014
1591,21.7636,0.000001,0.0011,0.104014
1592,21.7782,0.000001,0.0011,0.104014
1593,21.7918,0.000001,0.0011,0.104014
1594,21.8062,0.000001,0.0011,0.104014
1595,21.8213,0.000001,0.0011,0.104014
1596,21.8348,0.000001,0.0011,0.104014
1597,21.8491,0.000001,0.0011,0.104014
1598,21.8635,0.000001,0.0011,0.104014
1599,21.8772,0.000001,0.0011,0.104014
1600,21.8906,0.000001,0.0011,0.104014
1601,21.9041,0.000001,0.0011,0.104014
1602,21.9184,0.000001,0.0011,0.104014
1603,21.9335,0.000001,0.0011,0.104014
1604,21.9473,0.000001,0.0011,0.104014
1605,21.9608,0.000001,0.0011,0.104014
1606,21.9747,0.000001,0.0011,0.104014
1607,21.9880,0.000001,0.0011,0.104014
1608,22.0026,0.000001,0.0011,0.104014
1609,22.0156,0.000001,0.0011,0.104014
1610,22.0288,0.000001,0.0011,0.104014
1611,22.0422,0.000001,0.0011,0.104014
1612,22.0561,0.000001,0.0011,0.104014
1613,22.0706,0.000001,0.0011,0.104014
1614,22.0837,0.000001,0.0011,0.104014
1615,22.0968,0.000001,0.0011,0.104014
1616,22.1114,0.000001,0.0011,0.104014
