LIGHT_DISTRIBUTION,,,,,,,,,,,,,,,,,,,,,,,,,,,,,,,,,,,,,,,,,,,,,,,,,,,,,,,,,,,,,,,,,,,,,,,,,
195.423,192.253,188.153,184.103,182.14,181.27,180.85,179.85,177,171.66,165.94,161.4,156.91,151.69,146.66,141.38,135.43,128.08,120.94,113.08,103.9,91.77,78.94,66.46,56.92,47.87,37.77,28.36,21.15,13.27,8.38,5.75,3.55,1.94,0.9,0.33,0.06,0,0,0,0,0,0,0,0,0,0,0,0,0,0,0,0,0,0,0,0,0,0,0,0,0,0,0,0,0,0,0,0,0,0,0,0,0
195.42,192.42,188.15,184.12,181.94,181.27,181.11,179.57,176.79,171.55,166.1,161.33,156.8,151.78,146.75,141.3,135.5,128.31,121.02,113.14,104,91.88,78.86,66.54,56.88,47.79,37.79,28.38,21.15,13.19,8.37,5.75,3.56,1.94,0.9,0.33,0.07,0,0,0,0,0,0,0,0,0,0,0,0,0,0,0,0,0,0,0,0,0,0,0,0,0,0,0,0,0,0,0,0,0,0,0,0,0
195.42,192.25,187.9,184.12,182.2,181.27,180.85,179.68,176.67,171.47,166.4,161.41,156.72,151.69,146.66,141.55,135.68,128.98,121.27,113.39,104.26,92.11,78.95,66.63,57.02,47.79,37.76,28.39,21.1,13.13,8.37,5.74,3.57,1.94,0.9,0.33,0.08,0,0,0,0,0,0,0,0,0,0,0,0,0,0,0,0,0,0,0,0,0,0,0,0,0,0,0,0,0,0,0,0,0,0,0,0,0
195.42,192.51,188.06,184.26,182.35,181.61,181.02,180.1,176.83,171.97,166.77,161.71,157.05,151.94,147.25,141.8,136.02,129.53,121.6,113.64,104.62,92.35,79.12,66.79,57.11,47.72,37.68,28.31,20.98,13.05,8.33,5.71,3.58,1.93,0.9,0.31,0.12,0,0,0,0,0,0,0,0,0,0,0,0,0,0,0,0,0,0,0,0,0,0,0,0,0,0,0,0,0,0,0,0,0,0,0,0,0
195.42,192.92,188.56,184.46,182.45,182.03,181.53,180.35,177.31,172.56,167.19,162.17,157.47,152.53,147.5,142.05,136.44,129.9,122.02,113.81,104.93,92.78,79.28,67.05,57.14,47.56,37.54,28.22,20.81,12.97,8.26,5.65,3.59,1.92,0.9,0.3,0.16,0,0,0,0,0,0,0,0,0,0,0,0,0,0,0,0,0,0,0,0,0,0,0,0,0,0,0,0,0,0,0,0,0,0,0,0,0
195.42,192.92,188.73,184.63,182.7,182.03,181.61,180.52,177.84,172.64,167.43,162.58,157.64,152.7,147.67,142.14,136.52,130.15,122.52,113.89,105.07,93.02,79.37,67.55,57.16,47.37,37.39,28.16,20.62,12.87,8.2,5.61,3.58,1.92,0.89,0.29,0.16,0,0,0,0,0,0,0,0,0,0,0,0,0,0,0,0,0,0,0,0,0,0,0,0,0,0,0,0,0,0,0,0,0,0,0,0,0
195.42,193.34,188.73,184.71,183.03,182.28,181.86,180.77,178.09,172.5,167.45,162.54,157.72,152.95,147.75,142.3,136.61,130.14,122.86,113.98,105.09,93.61,79.51,67.8,57.16,47.12,37.25,28.11,20.48,12.77,8.15,5.58,3.57,1.92,0.88,0.28,0.16,0,0,0,0,0,0,0,0,0,0,0,0,0,0,0,0,0,0,0,0,0,0,0,0,0,0,0,0,0,0,0,0,0,0,0,0,0
195.42,193.09,188.44,184.37,182.78,181.9,181.92,180.9,177.9,172.48,167.36,162.42,157.89,152.95,148.09,142.45,136.52,130.07,122.94,114.19,105.1,94.07,79.87,68.02,57.23,46.86,37.16,28.03,20.29,12.66,8.09,5.53,3.55,1.92,0.86,0.29,0.16,0,0,0,0,0,0,0,0,0,0,0,0,0,0,0,0,0,0,0,0,0,0,0,0,0,0,0,0,0,0,0,0,0,0,0,0,0
195.42,192.76,188.23,184.03,182.61,181.61,181.78,180.85,177.75,172.77,167.53,162.65,158.23,153.2,148.09,142.56,136.52,130.15,123.25,114.48,105.09,94.28,80.5,68.39,57.45,46.62,37.13,28.01,20,12.57,8.02,5.49,3.53,1.91,0.84,0.29,0.15,0,0,0,0,0,0,0,0,0,0,0,0,0,0,0,0,0,0,0,0,0,0,0,0,0,0,0,0,0,0,0,0,0,0,0,0,0
195.42,193.01,188.32,183.96,182.7,182.11,181.69,180.69,178.01,173.06,167.86,163,158.48,153.7,148.5,142.64,136.61,130.32,123.53,114.82,105.09,94.36,81.29,68.89,57.77,46.44,37.14,27.98,19.72,12.49,7.97,5.45,3.5,1.9,0.81,0.29,0.15,0,0,0,0,0,0,0,0,0,0,0,0,0,0,0,0,0,0,0,0,0,0,0,0,0,0,0,0,0,0,0,0,0,0,0,0,0
195.42,192.84,188.15,184.21,182.95,182.3,181.86,180.66,178.04,173.15,168.12,163.26,158.98,154.29,148.76,142.67,136.77,130.49,123.53,115.24,105.21,94.54,82.05,69.25,58.05,46.35,37.13,27.88,19.56,12.39,7.91,5.4,3.44,1.88,0.79,0.29,0.15,0,0,0,0,0,0,0,0,0,0,0,0,0,0,0,0,0,0,0,0,0,0,0,0,0,0,0,0,0,0,0,0,0,0,0,0,0
195.42,193.26,188.73,184.48,183.09,182.36,181.61,180.77,178.01,173.5,168.53,163.73,159.57,154.46,148.84,142.72,136.89,130.7,123.77,115.49,105.51,94.62,82.51,69.48,58.1,46.38,37.06,27.8,19.45,12.28,7.84,5.35,3.4,1.86,0.78,0.29,0.16,0,0,0,0,0,0,0,0,0,0,0,0,0,0,0,0,0,0,0,0,0,0,0,0,0,0,0,0,0,0,0,0,0,0,0,0,0
195.42,193.51,188.82,184.63,183.2,182.61,181.86,180.91,178.2,173.98,168.96,164.34,159.9,154.96,148.76,142.81,136.94,130.9,124.03,115.49,105.93,94.62,82.72,69.73,58,46.49,36.95,27.68,19.35,12.2,7.8,5.31,3.36,1.83,0.78,0.29,0.16,0,0,0,0,0,0,0,0,0,0,0,0,0,0,0,0,0,0,0,0,0,0,0,0,0,0,0,0,0,0,0,0,0,0,0,0,0
195.42,193.18,188.32,184.71,183.37,182.53,182.21,180.85,178.43,174.32,169.54,164.91,160.41,154.88,148.68,142.72,137.03,131.02,124.02,115.83,106.13,94.62,82.8,70.29,57.86,46.65,36.9,27.49,19.23,12.18,7.74,5.27,3.33,1.79,0.78,0.29,0.16,0,0,0,0,0,0,0,0,0,0,0,0,0,0,0,0,0,0,0,0,0,0,0,0,0,0,0,0,0,0,0,0,0,0,0,0,0
195.42,193.26,188.4,184.96,183.37,182.87,182.2,180.6,178.51,174.6,170.21,165.27,160.41,154.71,148.34,142.64,137.22,130.99,123.87,116.16,106.27,94.78,82.8,70.73,57.82,46.72,37.01,27.34,19.08,12.08,7.7,5.22,3.3,1.75,0.77,0.28,0.15,0,0,0,0,0,0,0,0,0,0,0,0,0,0,0,0,0,0,0,0,0,0,0,0,0,0,0,0,0,0,0,0,0,0,0,0,0
195.42,193.68,188.73,184.96,183.45,182.45,181.86,180.75,178.66,174.91,170.38,165.43,160.57,154.54,148.59,142.97,137.28,130.78,123.78,115.99,106.52,95.04,82.63,70.73,57.98,46.65,37.26,27.17,18.92,11.93,7.65,5.17,3.28,1.72,0.75,0.27,0.14,0,0,0,0,0,0,0,0,0,0,0,0,0,0,0,0,0,0,0,0,0,0,0,0,0,0,0,0,0,0,0,0,0,0,0,0,0
195.42,193.43,188.32,185.09,183.62,183.03,182.21,180.94,178.84,175.23,170.46,165.69,160.74,154.37,148.59,143.06,136.96,130.49,123.64,115.68,106.69,95.29,82.8,70.82,58.3,46.65,37.42,26.92,18.81,11.78,7.58,5.13,3.25,1.7,0.73,0.25,0.14,0,0,0,0,0,0,0,0,0,0,0,0,0,0,0,0,0,0,0,0,0,0,0,0,0,0,0,0,0,0,0,0,0,0,0,0,0
195.42,194.01,188.9,185.3,184.21,183.2,182.45,180.77,178.93,175.32,170.63,165.6,160.49,154.12,148.68,142.64,136.61,130.21,123.36,115.49,106.6,95.54,83.39,70.9,58.5,46.93,37.35,26.79,18.69,11.63,7.52,5.11,3.21,1.67,0.72,0.24,0.14,0,0,0,0,0,0,0,0,0,0,0,0,0,0,0,0,0,0,0,0,0,0,0,0,0,0,0,0,0,0,0,0,0,0,0,0,0
195.42,194.01,188.73,185.38,183.96,182.87,181.86,180.67,178.81,175.07,170.88,165.69,160.41,153.95,148.25,142.64,136.52,130.07,123.03,115.49,106.27,95.96,83.81,70.82,58.41,47.31,37.06,26.88,18.51,11.52,7.45,5.09,3.15,1.65,0.7,0.23,0.13,0,0,0,0,0,0,0,0,0,0,0,0,0,0,0,0,0,0,0,0,0,0,0,0,0,0,0,0,0,0,0,0,0,0,0,0,0
195.42,193.68,188.32,185.31,183.54,182.95,181.75,180.52,178.59,175.11,170.96,166.02,160.24,153.97,148.28,142.47,136.41,130.12,123.04,115.43,106.19,96.21,84.27,70.94,58.48,47.57,36.91,26.89,18.36,11.4,7.4,5.05,3.09,1.64,0.68,0.22,0.12,0,0,0,0,0,0,0,0,0,0,0,0,0,0,0,0,0,0,0,0,0,0,0,0,0,0,0,0,0,0,0,0,0,0,0,0,0
195.42,194.01,188.65,185.13,183.79,182.7,181.94,180.27,178.51,175.49,171.3,166.52,160.07,153.87,148.25,142.05,136.35,130.15,123.11,115.32,106.35,96.3,84.56,71.24,58.59,47.62,36.81,26.77,18.25,11.3,7.36,4.99,3.04,1.62,0.66,0.21,0.12,0,0,0,0,0,0,0,0,0,0,0,0,0,0,0,0,0,0,0,0,0,0,0,0,0,0,0,0,0,0,0,0,0,0,0,0,0
195.42,194.01,188.06,184.96,183.54,182.61,181.86,180.4,178.85,175.83,171.47,166.95,160.07,153.54,147.67,142.14,136.44,129.98,122.94,115.22,106.52,96.3,84.56,71.49,58.57,47.52,36.61,26.64,18.17,11.2,7.33,4.92,3.01,1.57,0.63,0.19,0.11,0,0,0,0,0,0,0,0,0,0,0,0,0,0,0,0,0,0,0,0,0,0,0,0,0,0,0,0,0,0,0,0,0,0,0,0,0
195.42,193.76,188.32,184.97,183.96,182.95,181.58,180.44,178.84,175.32,171.3,167.06,159.4,153.58,147.5,142.14,136.39,129.78,122.83,115.15,106.42,96.38,84.87,71.48,58.56,47.63,36.42,26.63,17.99,11.12,7.32,4.86,2.97,1.55,0.62,0.18,0.11,0,0,0,0,0,0,0,0,0,0,0,0,0,0,0,0,0,0,0,0,0,0,0,0,0,0,0,0,0,0,0,0,0,0,0,0,0
195.42,193.93,188.15,185.04,183.7,182.53,181.44,180.02,178.09,175.07,171.3,167.03,159.99,153.62,147.67,141.97,136.19,129.65,122.69,114.98,106.27,96.55,85.06,71.32,58.52,47.68,36.4,26.66,17.82,11.05,7.32,4.84,2.95,1.54,0.6,0.17,0.1,0,0,0,0,0,0,0,0,0,0,0,0,0,0,0,0,0,0,0,0,0,0,0,0,0,0,0,0,0,0,0,0,0,0,0,0,0
195.42,193.74,187.97,185.04,182.95,181.94,181.62,180,178.09,175.74,171.72,167.03,159.82,153.37,147.75,141.83,135.93,129.56,122.43,114.57,106.26,96.63,84.81,71.24,58.41,47.39,36.53,26.61,17.82,10.96,7.28,4.81,2.92,1.53,0.59,0.16,0.1,0,0,0,0,0,0,0,0,0,0,0,0,0,0,0,0,0,0,0,0,0,0,0,0,0,0,0,0,0,0,0,0,0,0,0,0,0
195.42,193.43,187.73,184.79,183.37,182.45,181.61,180.02,178.43,175.32,171.63,167.11,160.24,153.45,147.5,141.63,135.68,129.35,122.19,114.48,106.1,96.38,84.9,71.32,58.36,47.11,36.76,26.54,17.82,10.89,7.25,4.79,2.91,1.52,0.57,0.16,0.09,0,0,0,0,0,0,0,0,0,0,0,0,0,0,0,0,0,0,0,0,0,0,0,0,0,0,0,0,0,0,0,0,0,0,0,0,0
195.42,193.43,187.31,184.37,183.03,182.69,181.11,179.68,178.34,175.24,172.22,167.19,159.9,152.95,147.08,141.3,135.43,128.98,122.11,114.06,105.68,96.63,84.98,71.24,58.41,46.92,36.99,26.51,17.73,10.84,7.26,4.74,2.89,1.52,0.55,0.15,0.09,0,0,0,0,0,0,0,0,0,0,0,0,0,0,0,0,0,0,0,0,0,0,0,0,0,0,0,0,0,0,0,0,0,0,0,0,0
195.42,193.49,187.23,184.33,183.45,182.36,181.07,179.68,178.25,175.16,171.89,166.98,159.97,152.78,147,141.03,135.02,128.56,121.9,114.15,105.8,96.63,84.73,71.24,58.41,46.8,37.08,26.37,17.77,10.85,7.29,4.7,2.88,1.5,0.54,0.14,0.08,0,0,0,0,0,0,0,0,0,0,0,0,0,0,0,0,0,0,0,0,0,0,0,0,0,0,0,0,0,0,0,0,0,0,0,0,0
195.42,193.34,187.14,184.37,183.2,181.69,181.11,179.68,178.09,174.99,171.72,166.69,160.07,152.53,146.66,140.88,134.76,128.4,121.69,114.15,106.1,96.71,84.65,71.24,58.31,46.64,37.2,26.23,17.86,10.85,7.32,4.66,2.86,1.47,0.51,0.13,0.08,0,0,0,0,0,0,0,0,0,0,0,0,0,0,0,0,0,0,0,0,0,0,0,0,0,0,0,0,0,0,0,0,0,0,0,0,0
195.42,192.92,186.68,184.12,182.53,181.13,180.69,179.24,177.76,174.82,171.47,166.61,159.65,152.11,146.49,140.8,134.93,128.39,121.6,114.23,106.1,96.55,84.48,71.07,58.14,46.51,37.18,26.16,17.86,10.79,7.32,4.63,2.86,1.44,0.5,0.12,0.07,0,0,0,0,0,0,0,0,0,0,0,0,0,0,0,0,0,0,0,0,0,0,0,0,0,0,0,0,0,0,0,0,0,0,0,0,0
195.42,192.67,186.39,183.79,182.36,181.02,180.28,178.84,177.59,174.57,171.3,166.59,159.65,152.28,146.41,140.8,135.09,128.39,121.57,114.15,106.07,96.55,84.31,70.9,58,46.46,37.05,26.05,17.8,10.72,7.32,4.6,2.84,1.42,0.47,0.11,0.06,0,0,0,0,0,0,0,0,0,0,0,0,0,0,0,0,0,0,0,0,0,0,0,0,0,0,0,0,0,0,0,0,0,0,0,0,0
195.42,192.76,186.56,183.87,182.41,181.44,180.18,178.96,177.85,174.74,171.22,166.61,159.82,152.52,146.57,140.82,135.01,128.45,121.52,114.15,106.02,96.3,84.25,70.65,57.86,46.44,36.89,25.98,17.67,10.69,7.35,4.59,2.82,1.41,0.46,0.1,0.05,0,0,0,0,0,0,0,0,0,0,0,0,0,0,0,0,0,0,0,0,0,0,0,0,0,0,0,0,0,0,0,0,0,0,0,0,0
195.42,192.76,186.3,184.21,182.53,181.62,180.44,179.18,178.17,174.91,171.31,166.66,159.9,152.61,146.75,140.8,134.68,128.39,121.44,113.98,105.83,95.93,84.14,70.4,57.72,46.48,36.57,26.07,17.49,10.68,7.34,4.58,2.79,1.4,0.45,0.09,0.05,0,0,0,0,0,0,0,0,0,0,0,0,0,0,0,0,0,0,0,0,0,0,0,0,0,0,0,0,0,0,0,0,0,0,0,0,0
195.42,193.01,186.47,184.37,182.53,181.53,180.52,179.09,178.16,174.91,171.3,166.61,159.61,152.53,146.66,140.69,134.5,128.14,121.35,113.9,105.6,95.71,83.89,70.23,57.63,46.59,36.31,26.22,17.42,10.64,7.29,4.57,2.77,1.38,0.44,0.09,0.05,0,0,0,0,0,0,0,0,0,0,0,0,0,0,0,0,0,0,0,0,0,0,0,0,0,0,0,0,0,0,0,0,0,0,0,0,0
195.42,192.76,186.22,184.04,182.2,181.44,180.18,179.1,177.92,174.49,171.05,166.44,159.23,152.45,146.49,140.63,134.51,128.18,121.27,113.81,105.43,95.71,83.81,69.89,57.63,46.69,36.07,26.28,17.34,10.63,7.23,4.55,2.74,1.36,0.43,0.09,0.05,0,0,0,0,0,0,0,0,0,0,0,0,0,0,0,0,0,0,0,0,0,0,0,0,0,0,0,0,0,0,0,0,0,0,0,0,0
195.42,193.09,186.72,184.46,182.53,181.76,180.33,179.43,177.69,174.74,171.08,166.51,159.15,152.53,146.83,140.71,134.57,128.22,121.18,113.72,105.33,95.62,83.81,69.66,57.58,46.7,35.82,26.27,17.24,10.65,7.17,4.55,2.7,1.35,0.42,0.09,0.05,0,0,0,0,0,0,0,0,0,0,0,0,0,0,0,0,0,0,0,0,0,0,0,0,0,0,0,0,0,0,0,0,0,0,0,0,0
195.42,193.09,186.8,184.37,182.2,181.86,180.44,179.23,177.67,174.57,171.05,166.52,159.23,152.36,146.75,140.63,134.51,127.97,121.1,113.72,105.26,95.45,83.56,69.48,57.42,46.55,35.64,26.17,17.16,10.65,7.13,4.57,2.67,1.35,0.42,0.09,0.05,0,0,0,0,0,0,0,0,0,0,0,0,0,0,0,0,0,0,0,0,0,0,0,0,0,0,0,0,0,0,0,0,0,0,0,0,0
195.42,192.76,186.56,184.04,182.53,181.36,180.02,178.93,177.67,174.32,170.72,166.28,159.32,152.36,146.49,140.29,134.26,127.81,121.02,113.48,105.18,95.29,83.3,69.22,57.14,46.35,35.59,25.97,17.14,10.6,7.12,4.59,2.65,1.35,0.42,0.09,0.05,0,0,0,0,0,0,0,0,0,0,0,0,0,0,0,0,0,0,0,0,0,0,0,0,0,0,0,0,0,0,0,0,0,0,0,0,0
195.42,193.03,186.69,183.7,182.2,181.47,180.12,179.12,177.08,174.28,170.88,166.37,159.53,152.19,146.16,140.36,134.19,127.72,120.83,113.48,104.98,95.12,83.22,69.1,56.88,46.13,35.64,25.67,17.21,10.53,7.11,4.6,2.64,1.34,0.42,0.09,0.05,0,0,0,0,0,0,0,0,0,0,0,0,0,0,0,0,0,0,0,0,0,0,0,0,0,0,0,0,0,0,0,0,0,0,0,0,0
195.42,193.18,186.8,184.46,182.28,181.78,180.35,179.35,177.67,174.24,171.13,166.61,159.74,152.28,146.49,140.46,134.26,127.64,120.77,113.31,104.93,95.12,82.89,69.06,56.7,45.82,35.77,25.39,17.29,10.46,7.09,4.6,2.63,1.34,0.42,0.09,0.05,0,0,0,0,0,0,0,0,0,0,0,0,0,0,0,0,0,0,0,0,0,0,0,0,0,0,0,0,0,0,0,0,0,0,0,0,0
195.42,192.59,186.45,184.04,182.53,181.59,180.18,179.12,177.42,173.96,170.88,166.52,159.74,152.11,146.49,140.21,134.26,127.83,120.93,113.39,105.18,95.37,82.97,69.06,56.57,45.64,35.94,25.22,17.31,10.42,7.06,4.57,2.64,1.35,0.42,0.09,0.05,0,0,0,0,0,0,0,0,0,0,0,0,0,0,0,0,0,0,0,0,0,0,0,0,0,0,0,0,0,0,0,0,0,0,0,0,0
195.42,192.59,186.13,183.79,182.45,181.27,180.16,178.84,177,173.73,170.63,166.1,159.62,151.94,146.16,140.17,133.92,127.89,120.93,113.56,105.26,95.4,82.89,69.22,56.47,45.69,35.96,25.09,17.31,10.38,7.06,4.52,2.66,1.36,0.43,0.09,0.05,0,0,0,0,0,0,0,0,0,0,0,0,0,0,0,0,0,0,0,0,0,0,0,0,0,0,0,0,0,0,0,0,0,0,0,0,0
195.42,192.76,186.39,183.62,182.57,181.36,180.35,178.93,177.08,173.82,171.05,166.52,159.57,151.94,145.99,140.29,133.84,127.55,120.93,113.56,105.35,95.29,82.82,69.06,56.36,45.5,36.1,25.04,17.33,10.36,7.05,4.47,2.69,1.35,0.44,0.1,0.07,0,0,0,0,0,0,0,0,0,0,0,0,0,0,0,0,0,0,0,0,0,0,0,0,0,0,0,0,0,0,0,0,0,0,0,0,0
195.42,193.09,186.92,184.12,182.87,181.84,180.65,179.11,177.08,174,171.13,166.8,159.65,152.03,146.24,140.38,134.43,127.6,120.77,113.66,105.37,95.21,82.72,68.97,56.3,45.32,36,25.09,17.41,10.36,7.02,4.46,2.72,1.36,0.45,0.11,0.08,0,0,0,0,0,0,0,0,0,0,0,0,0,0,0,0,0,0,0,0,0,0,0,0,0,0,0,0,0,0,0,0,0,0,0,0,0
195.42,193.26,187.22,184.46,183.12,182.11,180.94,179.35,177.3,174.24,171.13,166.77,159.68,152.11,146.42,140.43,134.65,127.89,121.02,113.72,105.35,95.12,82.55,68.8,56.33,45.31,35.77,25.18,17.4,10.33,6.99,4.46,2.73,1.37,0.47,0.13,0.09,0,0,0,0,0,0,0,0,0,0,0,0,0,0,0,0,0,0,0,0,0,0,0,0,0,0,0,0,0,0,0,0,0,0,0,0,0
195.42,193.09,187.14,184.63,183.15,181.86,181.11,179.6,177.5,174.4,171.13,166.69,159.65,152.36,146.49,140.54,134.68,128.06,121.18,113.64,105.26,95.04,82.63,68.89,56.44,45.4,35.6,25.28,17.26,10.37,6.97,4.47,2.74,1.38,0.49,0.14,0.1,0,0,0,0,0,0,0,0,0,0,0,0,0,0,0,0,0,0,0,0,0,0,0,0,0,0,0,0,0,0,0,0,0,0,0,0,0
195.42,193.24,187.36,184.46,183.12,181.97,181.05,179.62,177.36,174.14,170.99,166.72,159.6,152.61,146.58,140.78,134.93,128.16,121.37,113.74,105.06,95.01,82.55,68.81,56.52,45.42,35.31,25.27,17.24,10.38,6.94,4.5,2.75,1.39,0.5,0.15,0.11,0,0,0,0,0,0,0,0,0,0,0,0,0,0,0,0,0,0,0,0,0,0,0,0,0,0,0,0,0,0,0,0,0,0,0,0,0
195.42,193.26,187.31,184.46,183.12,182.11,180.94,179.43,177.08,173.98,170.72,166.52,159.48,152.45,146.66,140.88,135.1,128.31,121.52,113.9,105.09,94.87,82.38,68.64,56.55,45.27,34.99,25.31,17.2,10.41,6.91,4.56,2.77,1.39,0.51,0.16,0.12,0,0,0,0,0,0,0,0,0,0,0,0,0,0,0,0,0,0,0,0,0,0,0,0,0,0,0,0,0,0,0,0,0,0,0,0,0
195.42,192.84,186.72,184.4,182.95,181.84,180.94,179.14,176.92,174.15,170.3,165.94,159.28,152.48,146.67,140.67,134.87,128.47,121.55,113.9,105.43,94.54,82.18,68.55,56.55,45.34,34.76,25.45,17.01,10.51,6.89,4.63,2.79,1.39,0.52,0.17,0.12,0,0,0,0,0,0,0,0,0,0,0,0,0,0,0,0,0,0,0,0,0,0,0,0,0,0,0,0,0,0,0,0,0,0,0,0,0
195.42,193.09,187.06,184.29,182.78,181.69,181.01,179.01,176.83,173.57,169.79,165.6,158.98,152.45,146.49,140.54,134.68,128.33,121.52,113.81,105.03,94.28,81.8,68.46,56.54,45.47,34.65,25.34,17.06,10.65,6.85,4.68,2.82,1.41,0.54,0.18,0.13,0,0,0,0,0,0,0,0,0,0,0,0,0,0,0,0,0,0,0,0,0,0,0,0,0,0,0,0,0,0,0,0,0,0,0,0,0
195.42,193.34,187.39,184.29,182.87,182.11,181.11,179.26,176.83,173.57,169.88,165.43,158.73,152.11,146.24,140.8,134.85,128.22,121.52,113.72,104.42,93.87,81.21,68.3,56.54,45.56,34.56,25.2,17.16,10.8,6.85,4.71,2.87,1.43,0.55,0.18,0.14,0,0,0,0,0,0,0,0,0,0,0,0,0,0,0,0,0,0,0,0,0,0,0,0,0,0,0,0,0,0,0,0,0,0,0,0,0
195.42,193.59,187.98,184.54,183.24,182.32,181.19,179.76,177.26,173.82,169.88,165.18,158.9,152.35,146.59,140.88,134.82,128.47,121.49,113.6,104.17,93.11,80.88,68.13,56.55,45.45,34.31,25.3,17.1,10.89,6.91,4.72,2.92,1.45,0.57,0.19,0.14,0,0,0,0,0,0,0,0,0,0,0,0,0,0,0,0,0,0,0,0,0,0,0,0,0,0,0,0,0,0,0,0,0,0,0,0,0
195.42,193.26,187.56,184.63,183.45,182.28,181.25,179.85,177.59,173.9,169.54,164.73,159.07,152.7,146.91,140.88,134.85,128.57,121.44,113.31,103.55,92.58,80.71,68.09,56.42,45.15,34.17,25.35,17.11,10.95,6.97,4.74,2.97,1.48,0.58,0.2,0.15,0,0,0,0,0,0,0,0,0,0,0,0,0,0,0,0,0,0,0,0,0,0,0,0,0,0,0,0,0,0,0,0,0,0,0,0,0
195.42,193.34,187.31,184.37,183.16,182.21,181.27,179.26,177.34,173.98,169.71,164.34,158.81,152.61,146.66,140.96,135.18,128.64,121.44,112.81,102.83,92.27,80.46,67.97,56.02,44.8,34.37,25.25,17.24,10.96,7.03,4.77,3.03,1.51,0.6,0.21,0.15,0,0,0,0,0,0,0,0,0,0,0,0,0,0,0,0,0,0,0,0,0,0,0,0,0,0,0,0,0,0,0,0,0,0,0,0,0
195.42,193.51,187.56,184.65,183.03,182.28,181.27,179.32,177.07,173.57,169.38,164.18,158.63,152.68,146.69,140.9,135.26,128.81,121.56,112.38,102.5,92.02,80.14,67.55,55.59,44.64,34.46,25.06,17.42,10.93,7.11,4.81,3.06,1.55,0.62,0.23,0.16,0,0,0,0,0,0,0,0,0,0,0,0,0,0,0,0,0,0,0,0,0,0,0,0,0,0,0,0,0,0,0,0,0,0,0,0,0
195.42,193.43,187.56,184.88,183.45,182.45,181.32,179.77,177.08,173.73,168.87,163.73,158.56,152.78,146.83,140.88,135.1,128.47,121.27,112.14,102.4,91.85,79.7,67.05,55.2,44.59,34.38,25.05,17.54,10.92,7.18,4.86,3.09,1.57,0.64,0.23,0.17,0,0,0,0,0,0,0,0,0,0,0,0,0,0,0,0,0,0,0,0,0,0,0,0,0,0,0,0,0,0,0,0,0,0,0,0,0
195.42,193.09,187.39,184.46,183.27,182.22,181.36,179.93,177.36,173.23,168.45,163.34,158.53,152.64,146.7,141.05,134.89,127.89,120.35,112.22,102.5,91.68,79.11,66.54,54.89,44.43,34.24,25.14,17.59,10.94,7.25,4.9,3.1,1.58,0.65,0.24,0.17,0,0,0,0,0,0,0,0,0,0,0,0,0,0,0,0,0,0,0,0,0,0,0,0,0,0,0,0,0,0,0,0,0,0,0,0,0
195.42,193.18,187.31,184.19,182.78,181.86,181.27,179.62,177.34,173.65,168.53,163.34,158.48,152.61,146.58,141.02,134.76,127.8,119.93,111.63,102.66,91.6,78.53,66.04,54.69,43.97,34.23,25.18,17.63,10.98,7.33,4.94,3.11,1.59,0.66,0.25,0.18,0,0,0,0,0,0,0,0,0,0,0,0,0,0,0,0,0,0,0,0,0,0,0,0,0,0,0,0,0,0,0,0,0,0,0,0,0
195.42,192.76,187.33,184.12,182.59,181.75,180.95,179.35,176.67,172.89,168.2,163.26,158.4,152.87,146.75,140.88,134.68,127.55,119.76,111.63,102.48,91.01,78.03,65.68,54.46,43.71,34.35,25.21,17.63,11,7.38,4.98,3.11,1.61,0.68,0.26,0.18,0,0,0,0,0,0,0,0,0,0,0,0,0,0,0,0,0,0,0,0,0,0,0,0,0,0,0,0,0,0,0,0,0,0,0,0,0
195.42,192.76,187.39,184.04,182.61,181.78,180.77,179.51,176.18,172.22,167.7,162.92,158.27,152.62,146.97,140.83,134.28,127.39,119.79,111.71,102.16,90.09,77.27,65.45,54.15,43.5,34.34,25.26,17.61,11,7.4,5.03,3.11,1.64,0.68,0.27,0.18,0,0,0,0,0,0,0,0,0,0,0,0,0,0,0,0,0,0,0,0,0,0,0,0,0,0,0,0,0,0,0,0,0,0,0,0,0
195.42,192.92,187.47,183.9,182.66,181.78,181.02,179.66,176.25,172.3,166.95,162.42,158.06,152.45,147,140.88,133.92,127.15,119.84,111.69,101.99,89.25,76.97,65.28,54,43.39,34.37,25.27,17.61,11.02,7.39,5.07,3.12,1.67,0.68,0.27,0.18,0,0,0,0,0,0,0,0,0,0,0,0,0,0,0,0,0,0,0,0,0,0,0,0,0,0,0,0,0,0,0,0,0,0,0,0,0
195.42,192.92,187.73,183.96,182.7,181.86,181.22,179.77,176.75,172.06,167.11,162.14,157.72,152.78,146.83,140.96,134.01,126.97,119.76,111.63,101.74,88.92,76.85,64.95,53.42,43.39,34.44,25.17,17.61,11.09,7.39,5.12,3.15,1.69,0.68,0.28,0.19,0,0,0,0,0,0,0,0,0,0,0,0,0,0,0,0,0,0,0,0,0,0,0,0,0,0,0,0,0,0,0,0,0,0,0,0,0
195.42,193.09,188.15,184.29,182.7,182.03,181.27,179.93,176.85,172.22,167.11,162.08,157.32,152.49,147.1,141.02,134.21,127.13,119.75,111.63,101.24,88.83,76.52,64.36,53.29,43.48,34.44,25.12,17.71,11.09,7.42,5.15,3.19,1.7,0.7,0.28,0.19,0,0,0,0,0,0,0,0,0,0,0,0,0,0,0,0,0,0,0,0,0,0,0,0,0,0,0,0,0,0,0,0,0,0,0,0,0
195.42,192.92,188.09,184.22,182.48,181.91,181.27,179.93,176.67,172.06,166.95,162.08,157.22,152.03,147.25,141.05,134.34,127.64,119.84,111.63,100.9,88.58,76.23,63.85,53.49,43.52,34.41,25.04,17.94,11.1,7.45,5.15,3.23,1.71,0.72,0.29,0.19,0,0,0,0,0,0,0,0,0,0,0,0,0,0,0,0,0,0,0,0,0,0,0,0,0,0,0,0,0,0,0,0,0,0,0,0,0
195.42,192.92,187.9,183.96,182.36,181.78,181.3,179.68,176.5,171.81,166.86,161.94,157.47,152.03,146.75,141.05,134.34,127.64,120.01,111.46,100.49,88.52,75.93,63.36,53.54,43.65,34.38,25.05,18.13,11.16,7.47,5.12,3.25,1.71,0.73,0.29,0.2,0,0,0,0,0,0,0,0,0,0,0,0,0,0,0,0,0,0,0,0,0,0,0,0,0,0,0,0,0,0,0,0,0,0,0,0,0
195.42,192.76,187.98,183.87,182.53,181.86,181.27,179.67,176.13,171.22,166.44,161.66,157.1,152.01,146.31,140.86,134.29,127.72,120.2,111.46,100.32,88.42,75.51,62.86,53.43,43.81,34.3,25.1,18.23,11.2,7.52,5.09,3.27,1.72,0.75,0.3,0.2,0,0,0,0,0,0,0,0,0,0,0,0,0,0,0,0,0,0,0,0,0,0,0,0,0,0,0,0,0,0,0,0,0,0,0,0,0
195.42,192.34,187.93,183.77,182.43,181.73,181.11,179.68,175.83,170.88,165.77,161.33,156.55,151.78,146.16,140.46,134.01,127.47,120.26,111.38,100.23,88.08,75.2,62.61,53.42,43.92,34.2,25.17,18.27,11.3,7.53,5.09,3.28,1.73,0.76,0.29,0.2,0,0,0,0,0,0,0,0,0,0,0,0,0,0,0,0,0,0,0,0,0,0,0,0,0,0,0,0,0,0,0,0,0,0,0,0,0
195.42,192.67,187.81,183.79,182.28,181.53,180.94,179.43,175.83,170.63,165.6,160.99,156.38,151.36,146.16,139.96,133.42,127.3,120.1,111.13,100.23,87.91,74.92,62.52,53.61,44.24,34.14,25.29,18.38,11.44,7.52,5.11,3.28,1.74,0.78,0.29,0.2,0,0,0,0,0,0,0,0,0,0,0,0,0,0,0,0,0,0,0,0,0,0,0,0,0,0,0,0,0,0,0,0,0,0,0,0,0
195.42,192.42,187.81,184.04,182.36,181.53,180.85,179.18,175.72,170.63,165.35,160.66,155.99,150.96,145.91,139.69,133,126.8,119.83,110.96,99.98,87.58,74.59,62.41,53.69,44.49,34.09,25.4,18.55,11.53,7.51,5.13,3.27,1.75,0.79,0.3,0.2,0,0,0,0,0,0,0,0,0,0,0,0,0,0,0,0,0,0,0,0,0,0,0,0,0,0,0,0,0,0,0,0,0,0,0,0,0
195.42,191.92,187.93,184.09,182.31,181.64,180.69,179.01,175.49,170.13,165.1,160.32,155.63,150.77,145.66,139.62,132.75,126.21,119.43,110.71,99.58,87.33,74.26,62.35,53.73,44.59,33.98,25.52,18.73,11.61,7.51,5.14,3.26,1.76,0.79,0.31,0.2,0,0,0,0,0,0,0,0,0,0,0,0,0,0,0,0,0,0,0,0,0,0,0,0,0,0,0,0,0,0,0,0,0,0,0,0,0
195.42,192.17,187.98,183.96,182.2,181.61,180.62,178.93,175.23,170.13,165.01,160.24,155.69,150.86,145.71,139.62,132.59,125.96,119.01,110.38,99.4,87.08,74.08,62.44,53.74,44.7,33.91,25.53,18.77,11.67,7.52,5.16,3.25,1.76,0.79,0.32,0.14,0,0,0,0,0,0,0,0,0,0,0,0,0,0,0,0,0,0,0,0,0,0,0,0,0,0,0,0,0,0,0,0,0,0,0,0,0
195.42,192.25,187.9,183.82,182.2,181.36,180.6,178.89,175.07,169.88,165.02,160.07,155.8,150.85,145.82,139.7,132.58,126.05,119.09,110.62,99.65,86.99,74.08,62.55,53.93,44.84,33.96,25.6,18.78,11.73,7.53,5.17,3.25,1.76,0.8,0.34,0.07,0,0,0,0,0,0,0,0,0,0,0,0,0,0,0,0,0,0,0,0,0,0,0,0,0,0,0,0,0,0,0,0,0,0,0,0,0
195.42,192.09,188,183.87,182.23,181.34,180.52,178.84,175.05,169.79,164.98,160.11,155.55,150.52,145.72,139.79,132.8,125.96,118.92,110.66,99.84,86.91,73.96,62.69,54.02,44.96,34.1,25.6,18.84,11.73,7.52,5.17,3.25,1.76,0.8,0.35,0.06,0,0,0,0,0,0,0,0,0,0,0,0,0,0,0,0,0,0,0,0,0,0,0,0,0,0,0,0,0,0,0,0,0,0,0,0,0
195.42,192.34,188.06,184.04,182.2,181.36,180.35,178.76,174.99,169.71,164.76,159.99,155.24,150.38,145.49,139.79,133,125.88,119.01,110.62,99.9,86.92,73.92,62.86,53.84,45,34.11,25.61,18.81,11.62,7.49,5.17,3.26,1.76,0.8,0.35,0.07,0,0,0,0,0,0,0,0,0,0,0,0,0,0,0,0,0,0,0,0,0,0,0,0,0,0,0,0,0,0,0,0,0,0,0,0,0
195.42,192.09,187.85,183.62,182.07,181.14,180.1,178.71,174.82,169.46,164.43,159.57,155.3,150.52,145.32,139.72,133.09,125.96,119.17,110.88,99.98,86.99,74.17,63.02,53.86,44.94,34.2,25.69,18.68,11.53,7.51,5.18,3.28,1.76,0.8,0.34,0.07,0,0,0,0,0,0,0,0,0,0,0,0,0,0,0,0,0,0,0,0,0,0,0,0,0,0,0,0,0,0,0,0,0,0,0,0,0
195.42,192.09,187.65,183.45,181.94,181.02,180.35,178.76,175.04,169.63,164.61,159.9,155.88,150.85,145.45,139.79,133.43,126.21,119.43,111.2,100.38,87.08,74.43,63.19,53.86,44.89,34.29,25.69,18.54,11.48,7.52,5.17,3.28,1.75,0.79,0.32,0.18,0,0,0,0,0,0,0,0,0,0,0,0,0,0,0,0,0,0,0,0,0,0,0,0,0,0,0,0,0,0,0,0,0,0,0,0,0
195.42,192.59,187.75,184.21,181.93,181.27,180.52,178.93,175.41,170.13,165.02,160.41,156.31,151.3,145.74,140.13,133.84,126.63,119.68,111.46,100.9,87.29,74.67,63.36,53.77,44.68,34.29,25.65,18.51,11.41,7.51,5.16,3.28,1.75,0.79,0.3,0.2,0,0,0,0,0,0,0,0,0,0,0,0,0,0,0,0,0,0,0,0,0,0,0,0,0,0,0,0,0,0,0,0,0,0,0,0,0
195.42,192.76,187.98,184.48,182.11,181.49,180.6,179.07,175.58,170.37,165.18,160.74,156.47,151.52,145.99,140.31,134.01,127.01,119.59,111.63,101.29,87.58,74.93,63.44,53.64,44.4,34.26,25.65,18.4,11.31,7.5,5.14,3.3,1.75,0.78,0.29,0.2,0,0,0,0,0,0,0,0,0,0,0,0,0,0,0,0,0,0,0,0,0,0,0,0,0,0,0,0,0,0,0,0,0,0,0,0,0
195.42,192.84,188.06,184.12,182.36,181.36,180.69,179.1,175.6,170.38,165.27,160.91,156.47,151.36,146.14,140.21,134.08,127.3,119.59,111.71,101.57,87.91,75.26,63.53,53.5,44.12,34.28,25.68,18.31,11.23,7.48,5.13,3.31,1.75,0.77,0.28,0.2,0,0,0,0,0,0,0,0,0,0,0,0,0,0,0,0,0,0,0,0,0,0,0,0,0,0,0,0,0,0,0,0,0,0,0,0,0
195.42,192.74,187.9,183.54,182.11,180.85,180.31,178.97,175.66,170.38,165.52,160.99,156.42,151.44,146.16,139.96,134.18,127.55,119.68,111.88,101.83,88.56,75.68,63.75,53.28,43.83,34.38,25.64,18.22,11.2,7.46,5.13,3.31,1.74,0.75,0.28,0.19,0,0,0,0,0,0,0,0,0,0,0,0,0,0,0,0,0,0,0,0,0,0,0,0,0,0,0,0,0,0,0,0,0,0,0,0,0
195.42,192.51,187.56,183.24,181.69,180.62,179.93,178.93,175.84,170.46,165.71,160.99,156.55,151.69,146.08,140.04,134.35,127.81,119.93,111.89,101.89,89.25,76.08,64.2,53.27,43.66,34.57,25.65,18,11.19,7.44,5.12,3.3,1.74,0.73,0.28,0.19,0,0,0,0,0,0,0,0,0,0,0,0,0,0,0,0,0,0,0,0,0,0,0,0,0,0,0,0,0,0,0,0,0,0,0,0,0
195.42,192.34,187.22,183.2,181.61,180.77,180.1,179.16,176,170.8,165.94,161.33,156.97,151.86,146.07,140.38,134.6,127.97,120.18,111.8,101.91,89.76,76.52,64.85,53.65,43.71,34.82,25.67,17.78,11.15,7.42,5.09,3.29,1.74,0.72,0.28,0.19,0,0,0,0,0,0,0,0,0,0,0,0,0,0,0,0,0,0,0,0,0,0,0,0,0,0,0,0,0,0,0,0,0,0,0,0,0
195.42,192.54,187.3,183.28,181.76,181.19,180.48,179.43,176.08,171.47,166.36,161.64,157.37,151.94,146.24,140.63,134.85,128.06,120.35,111.8,102.08,90.33,77.02,65.37,54.09,43.71,35.1,25.65,17.64,11.07,7.41,5.04,3.27,1.74,0.71,0.28,0.18,0,0,0,0,0,0,0,0,0,0,0,0,0,0,0,0,0,0,0,0,0,0,0,0,0,0,0,0,0,0,0,0,0,0,0,0,0
195.42,193.01,187.73,183.65,182.03,181.53,180.85,179.51,176.46,172.03,166.85,161.91,157.64,151.94,146.29,140.54,135.02,128.39,120.77,112.05,102.38,90.85,77.46,65.54,54.43,43.72,35.21,25.7,17.57,11.07,7.38,5.03,3.24,1.73,0.7,0.28,0.18,0,0,0,0,0,0,0,0,0,0,0,0,0,0,0,0,0,0,0,0,0,0,0,0,0,0,0,0,0,0,0,0,0,0,0,0,0
195.42,193.51,188.23,184.12,182.36,181.53,181.11,179.52,176.83,172.3,167.19,162.25,157.72,151.94,146.41,140.71,135.1,128.64,121.27,112.38,102.58,91.13,78.03,65.75,54.61,43.71,35.2,25.79,17.58,11.1,7.36,5.01,3.2,1.71,0.7,0.28,0.18,0,0,0,0,0,0,0,0,0,0,0,0,0,0,0,0,0,0,0,0,0,0,0,0,0,0,0,0,0,0,0,0,0,0,0,0,0
195.42,193.88,188.45,184.46,182.77,181.94,181.16,179.51,176.92,172.3,167.28,162.46,157.64,152.2,146.75,141.05,135.1,128.56,121.6,112.64,102.58,91.26,78.78,66.04,54.66,43.88,35.14,25.85,17.64,11.1,7.35,4.99,3.17,1.68,0.7,0.28,0.18,0,0,0,0,0,0,0,0,0,0,0,0,0,0,0,0,0,0,0,0,0,0,0,0,0,0,0,0,0,0,0,0,0,0,0,0,0
195.42,194.1,188.48,184.57,183.03,182.14,181.11,179.53,177.07,172.4,167.38,162.58,157.72,152.53,146.79,141.05,135.07,128.78,121.86,113.04,102.8,91.35,79.2,66.37,54.65,44.12,35.1,25.78,17.71,11.06,7.33,4.98,3.15,1.66,0.7,0.27,0.18,0,0,0,0,0,0,0,0,0,0,0,0,0,0,0,0,0,0,0,0,0,0,0,0,0,0,0,0,0,0,0,0,0,0,0,0,0
195.42,194.18,188.48,184.55,183.02,182.03,181.07,179.51,177.08,172.64,167.62,162.75,158.14,152.61,146.66,140.96,135.1,128.89,121.77,113.48,103.08,91.32,79.45,66.79,54.79,44.56,35.04,25.67,17.69,11,7.29,4.97,3.13,1.63,0.69,0.26,0.17,0,0,0,0,0,0,0,0,0,0,0,0,0,0,0,0,0,0,0,0,0,0,0,0,0,0,0,0,0,0,0,0,0,0,0,0,0
195.42,194.1,188.32,184.46,182.95,181.83,180.94,179.44,176.92,172.98,167.98,163.02,158.33,152.35,146.58,140.8,135.19,128.47,121.77,113.76,103.23,91.35,79.81,67.37,54.98,44.84,35.1,25.64,17.74,10.94,7.25,4.95,3.12,1.62,0.68,0.24,0.16,0,0,0,0,0,0,0,0,0,0,0,0,0,0,0,0,0,0,0,0,0,0,0,0,0,0,0,0,0,0,0,0,0,0,0,0,0
195.42,194.01,188.06,184.34,183.03,181.78,180.69,179.43,177.34,173.31,168.37,163.34,158.4,152.11,146.47,140.8,135.01,128.22,121.86,113.81,103.5,91.68,80.12,67.88,55.18,44.69,35.32,25.63,17.77,10.89,7.24,4.95,3.11,1.61,0.67,0.23,0.16,0,0,0,0,0,0,0,0,0,0,0,0,0,0,0,0,0,0,0,0,0,0,0,0,0,0,0,0,0,0,0,0,0,0,0,0,0
195.42,194.07,187.86,184.37,182.97,181.86,180.57,179.51,177.25,173.57,168.7,163.68,158.57,152.19,146.41,140.71,134.6,128.64,121.86,113.64,104.09,92.46,80.29,68.13,55.74,44.93,35.47,25.55,17.7,10.87,7.23,4.97,3.1,1.61,0.66,0.23,0.15,0,0,0,0,0,0,0,0,0,0,0,0,0,0,0,0,0,0,0,0,0,0,0,0,0,0,0,0,0,0,0,0,0,0,0,0,0
195.42,194.1,187.73,184.63,182.95,181.45,180.6,179.32,177.08,173.75,169.14,164.01,158.65,152.19,146.49,140.29,134.93,128.54,121.52,113.59,104.41,93.2,80.68,68.25,56.34,45.28,35.49,25.65,17.64,10.84,7.2,4.96,3.07,1.61,0.65,0.21,0.14,0,0,0,0,0,0,0,0,0,0,0,0,0,0,0,0,0,0,0,0,0,0,0,0,0,0,0,0,0,0,0,0,0,0,0,0,0
195.42,194.01,187.7,184.63,183.15,181.27,180.72,179.18,177.34,173.82,169.38,164.31,158.56,151.86,146.61,140.46,134.68,128.06,121.31,113.56,104.42,93.53,81.29,68.39,56.61,46.04,35.4,25.82,17.51,10.79,7.15,4.93,3.05,1.6,0.63,0.21,0.14,0,0,0,0,0,0,0,0,0,0,0,0,0,0,0,0,0,0,0,0,0,0,0,0,0,0,0,0,0,0,0,0,0,0,0,0,0
195.42,194.13,187.81,184.55,183.2,181.86,180.77,179.35,177.08,173.82,169.29,164.51,158.84,151.91,146.49,140.21,134.18,127.72,121.18,113.39,104.34,93.93,81.96,68.64,56.67,46.43,35.41,25.88,17.51,10.76,7.12,4.89,3.02,1.58,0.62,0.2,0.13,0,0,0,0,0,0,0,0,0,0,0,0,0,0,0,0,0,0,0,0,0,0,0,0,0,0,0,0,0,0,0,0,0,0,0,0,0
195.42,194.18,187.98,184.57,182.87,181.78,180.59,179.14,177.12,174.06,169.69,164.6,158.56,151.86,145.98,139.87,133.96,127.67,120.99,113.28,104.52,94.36,82.44,68.88,56.76,46.44,35.72,25.88,17.53,10.8,7.15,4.85,2.99,1.56,0.6,0.19,0.12,0,0,0,0,0,0,0,0,0,0,0,0,0,0,0,0,0,0,0,0,0,0,0,0,0,0,0,0,0,0,0,0,0,0,0,0,0
195.42,193.93,187.74,184.46,182.78,181.27,180.18,178.76,177.08,173.9,169.79,164.76,157.31,151.27,145.49,139.79,134.01,127.64,120.85,113.31,104.76,94.64,82.72,69.06,57.02,46.44,35.72,25.9,17.49,10.85,7.18,4.82,2.97,1.55,0.58,0.18,0.12,0,0,0,0,0,0,0,0,0,0,0,0,0,0,0,0,0,0,0,0,0,0,0,0,0,0,0,0,0,0,0,0,0,0,0,0,0
195.42,193.72,187.31,183.99,182.87,180.98,179.66,178.59,176.58,173.23,169.12,165.15,157.29,151.18,145.42,139.71,134.14,127.47,120.87,113.39,104.81,94.78,82.89,69.19,57.19,46.52,35.81,25.97,17.4,10.85,7.2,4.81,2.95,1.55,0.58,0.17,0.11,0,0,0,0,0,0,0,0,0,0,0,0,0,0,0,0,0,0,0,0,0,0,0,0,0,0,0,0,0,0,0,0,0,0,0,0,0
195.42,193.68,187.06,183.7,182.11,180.85,179.51,178.46,176.5,173.73,169.44,165.43,158.06,151.52,145.57,139.96,134.09,127.53,120.85,113.14,104.76,94.88,82.96,69.31,57.25,46.5,36.09,26.02,17.37,10.82,7.2,4.81,2.95,1.55,0.57,0.17,0.1,0,0,0,0,0,0,0,0,0,0,0,0,0,0,0,0,0,0,0,0,0,0,0,0,0,0,0,0,0,0,0,0,0,0,0,0,0
195.42,193.76,187.15,183.96,182.45,180.77,179.93,178.34,176.75,173.65,170.13,165.35,158.48,151.78,145.57,139.79,133.76,127.47,120.6,112.89,104.76,94.95,82.97,69.48,57.28,46.41,36.46,25.99,17.46,10.79,7.22,4.81,2.97,1.55,0.56,0.16,0.09,0,0,0,0,0,0,0,0,0,0,0,0,0,0,0,0,0,0,0,0,0,0,0,0,0,0,0,0,0,0,0,0,0,0,0,0,0
195.42,193.6,187.22,183.96,182.61,180.83,179.82,178.25,176.75,173.82,170.13,165.32,158.32,151.3,145.15,139.45,133.62,127.05,120.4,112.97,104.8,95.04,82.97,69.71,57.47,46.22,36.77,26.06,17.6,10.78,7.28,4.78,3,1.57,0.56,0.15,0.09,0,0,0,0,0,0,0,0,0,0,0,0,0,0,0,0,0,0,0,0,0,0,0,0,0,0,0,0,0,0,0,0,0,0,0,0,0
195.42,193.26,186.89,183.69,181.94,180.69,179.35,178.09,176.25,173.4,169.78,165.27,158.14,150.69,144.73,139.29,133.59,127,120.35,112.97,104.93,95.24,83.06,69.89,57.5,46.19,36.99,26.17,17.73,10.8,7.34,4.76,3.01,1.57,0.55,0.14,0.09,0,0,0,0,0,0,0,0,0,0,0,0,0,0,0,0,0,0,0,0,0,0,0,0,0,0,0,0,0,0,0,0,0,0,0,0,0
195.42,192.92,186.27,183.36,181.58,180.18,179.01,177.83,176,172.89,169.63,165.07,158.4,150.6,144.9,139.29,133.51,127.22,120.43,113.05,105.12,95.37,83.14,69.98,57.62,46.08,37.15,26.23,17.8,10.85,7.39,4.77,3.01,1.55,0.54,0.13,0.08,0,0,0,0,0,0,0,0,0,0,0,0,0,0,0,0,0,0,0,0,0,0,0,0,0,0,0,0,0,0,0,0,0,0,0,0,0
195.42,192.79,185.97,183.2,181.53,180.1,178.99,177.67,176.25,173.15,169.88,165.1,158.59,150.82,144.99,139.45,133.65,127.39,120.56,113.22,105.18,95.29,83.14,70.15,57.59,46.17,37.23,26.3,17.78,10.86,7.47,4.79,3.01,1.54,0.52,0.12,0.06,0,0,0,0,0,0,0,0,0,0,0,0,0,0,0,0,0,0,0,0,0,0,0,0,0,0,0,0,0,0,0,0,0,0,0,0,0
195.42,192.92,186.3,183.34,181.53,180.1,179.1,177.75,176.41,173.4,170.01,165.52,158.65,151.02,145.15,139.71,133.76,127.47,120.6,113.22,105.01,95.18,83.25,70.23,57.67,46.31,37.14,26.41,17.75,10.87,7.55,4.82,2.99,1.53,0.51,0.1,0.05,0,0,0,0,0,0,0,0,0,0,0,0,0,0,0,0,0,0,0,0,0,0,0,0,0,0,0,0,0,0,0,0,0,0,0,0,0
195.42,193.18,186.5,183.45,181.78,180.44,179.1,177.85,176.58,173.4,170.05,165.55,158.63,151.02,144.99,139.45,133.59,127.3,120.51,113.22,104.93,95.12,83.39,70.06,57.74,46.59,36.99,26.57,17.77,10.92,7.62,4.85,2.95,1.53,0.51,0.1,0.05,0,0,0,0,0,0,0,0,0,0,0,0,0,0,0,0,0,0,0,0,0,0,0,0,0,0,0,0,0,0,0,0,0,0,0,0,0
195.42,193.06,186.39,183.28,181.78,180.44,178.92,177.84,176.5,173.48,170.13,165.35,158.48,151.04,145.15,139.37,133.51,127.22,120.55,113.05,104.93,95.12,83.47,70.06,57.75,46.84,36.93,26.85,17.77,10.99,7.63,4.86,2.92,1.53,0.51,0.1,0.05,0,0,0,0,0,0,0,0,0,0,0,0,0,0,0,0,0,0,0,0,0,0,0,0,0,0,0,0,0,0,0,0,0,0,0,0,0
195.42,192.92,186.05,183.25,181.72,180.18,178.84,177.67,176.5,173.61,170.12,165.27,158.14,151.11,144.99,139.5,133.42,127.22,120.6,113.05,104.93,95.28,83.61,70.15,58.04,47.16,36.9,27.1,17.77,11.05,7.6,4.84,2.9,1.52,0.5,0.1,0.05,0,0,0,0,0,0,0,0,0,0,0,0,0,0,0,0,0,0,0,0,0,0,0,0,0,0,0,0,0,0,0,0,0,0,0,0,0
195.42,193.18,185.72,183.37,181.69,180.35,179.1,177.5,176.67,173.73,170.05,165.18,157.81,151.17,145.74,139.71,133.84,127.3,120.51,113.14,104.93,95.54,83.81,70.15,58.1,47.34,36.85,27.18,17.84,11.07,7.57,4.82,2.89,1.5,0.5,0.09,0.05,0,0,0,0,0,0,0,0,0,0,0,0,0,0,0,0,0,0,0,0,0,0,0,0,0,0,0,0,0,0,0,0,0,0,0,0,0
195.42,193.76,186.64,183.62,182.11,180.52,179.26,178.17,176.75,173.65,170.05,165.27,158.48,151.36,145.57,139.54,133.42,127.13,120.18,112.89,104.93,95.45,83.97,70.15,58.11,47.36,36.87,27.19,17.82,11.11,7.54,4.82,2.9,1.51,0.51,0.1,0.05,0,0,0,0,0,0,0,0,0,0,0,0,0,0,0,0,0,0,0,0,0,0,0,0,0,0,0,0,0,0,0,0,0,0,0,0,0
195.42,193.34,186.32,183.45,181.53,179.87,179.01,177.75,176.41,173.25,169.45,164.93,158.12,151.04,145.4,139.29,133.33,126.88,120.18,112.8,104.92,95.54,83.99,70.23,58.07,47.34,36.99,27.12,18.04,11.13,7.56,4.85,2.89,1.51,0.52,0.1,0.05,0,0,0,0,0,0,0,0,0,0,0,0,0,0,0,0,0,0,0,0,0,0,0,0,0,0,0,0,0,0,0,0,0,0,0,0,0
195.42,192.92,186.22,183.28,181.44,179.85,178.76,178.07,176.41,173.06,169.38,165.09,158.06,151.11,145.15,139.12,133.25,126.8,120.18,112.81,104.84,95.63,84.06,70.31,58.06,47.34,37.13,27.02,18.25,11.15,7.56,4.89,2.88,1.52,0.53,0.1,0.05,0,0,0,0,0,0,0,0,0,0,0,0,0,0,0,0,0,0,0,0,0,0,0,0,0,0,0,0,0,0,0,0,0,0,0,0,0
195.42,193.06,186.43,183.37,181.42,180.52,178.87,178.34,176.49,173.18,169.96,165.35,158.48,151.6,145.57,139.48,133.48,126.99,120.28,112.97,104.76,95.71,84.2,70.48,58.09,47.28,37.26,26.91,18.49,11.15,7.54,4.94,2.89,1.54,0.54,0.1,0.05,0,0,0,0,0,0,0,0,0,0,0,0,0,0,0,0,0,0,0,0,0,0,0,0,0,0,0,0,0,0,0,0,0,0,0,0,0
195.42,193.26,186.64,183.54,181.53,180.35,179.18,177.92,176.58,173.4,170.21,165.35,159.07,151.72,145.82,139.87,133.76,127.22,120.51,113.22,105.13,95.88,84.31,70.73,58.12,47.01,37.47,26.81,18.69,11.13,7.54,4.97,2.91,1.57,0.56,0.1,0.05,0,0,0,0,0,0,0,0,0,0,0,0,0,0,0,0,0,0,0,0,0,0,0,0,0,0,0,0,0,0,0,0,0,0,0,0,0
195.42,193.09,186.64,183.62,181.86,180.18,179.43,177.91,176.67,173.48,170.13,165.57,159.48,151.78,145.82,139.87,133.84,127.3,120.85,113.48,105.6,96.12,84.31,70.9,58.35,47.11,37.75,26.75,18.78,11.11,7.52,4.98,2.95,1.58,0.58,0.11,0.05,0,0,0,0,0,0,0,0,0,0,0,0,0,0,0,0,0,0,0,0,0,0,0,0,0,0,0,0,0,0,0,0,0,0,0,0,0
195.42,193.24,186.88,183.85,182.07,180.35,179.6,178.34,176.54,173.46,170.05,165.77,159.65,152.11,145.91,140.04,134.03,127.55,121.14,113.78,105.76,96.27,84.42,71.07,58.55,47.09,37.84,26.87,18.87,11.12,7.49,4.98,3.01,1.59,0.59,0.11,0.06,0,0,0,0,0,0,0,0,0,0,0,0,0,0,0,0,0,0,0,0,0,0,0,0,0,0,0,0,0,0,0,0,0,0,0,0,0
195.42,193.68,187.22,184.21,182.28,180.85,179.85,178.87,176.67,173.65,170.1,165.77,159.74,152.11,145.91,140.29,134.26,127.89,121.27,114.06,105.97,96.46,84.56,71.15,58.77,47.15,37.8,27.1,19,11.16,7.47,4.98,3.04,1.61,0.61,0.13,0.07,0,0,0,0,0,0,0,0,0,0,0,0,0,0,0,0,0,0,0,0,0,0,0,0,0,0,0,0,0,0,0,0,0,0,0,0,0
195.42,194.01,187.43,184.46,182.61,181.19,180.18,179.1,177.25,174.15,170.38,166.22,160.09,152.53,146.07,140.46,134.43,128.19,121.27,114.23,106.18,96.8,84.65,71.32,58.83,47.19,37.76,27.32,19.13,11.19,7.47,4.97,3.06,1.62,0.63,0.14,0.08,0,0,0,0,0,0,0,0,0,0,0,0,0,0,0,0,0,0,0,0,0,0,0,0,0,0,0,0,0,0,0,0,0,0,0,0,0
195.42,193.85,187.47,184.12,182.6,180.94,180.15,178.84,177.26,174.24,170.72,166.61,160.32,153.03,146.83,140.78,134.71,128.39,121.59,114.26,106.27,96.91,84.81,71.32,58.98,47.29,37.67,27.53,19.13,11.23,7.49,4.98,3.07,1.63,0.64,0.15,0.08,0,0,0,0,0,0,0,0,0,0,0,0,0,0,0,0,0,0,0,0,0,0,0,0,0,0,0,0,0,0,0,0,0,0,0,0,0
195.42,193.59,187.42,183.96,182.28,180.77,180.02,178.74,176.92,173.98,170.46,166.34,160.05,153.03,146.58,140.88,134.93,128.45,121.86,114.31,106.25,96.88,84.9,71.4,59.26,47.48,37.49,27.61,19.1,11.28,7.49,5,3.09,1.64,0.66,0.16,0.09,0,0,0,0,0,0,0,0,0,0,0,0,0,0,0,0,0,0,0,0,0,0,0,0,0,0,0,0,0,0,0,0,0,0,0,0,0
195.42,193.71,187.39,184.12,182.11,181.02,180.16,178.84,176.75,173.73,170.05,165.94,159.65,152.78,146.41,140.54,134.91,128.47,121.71,114.48,106.27,96.88,84.98,71.49,59.33,47.74,37.25,27.53,19.17,11.36,7.5,5.04,3.11,1.64,0.68,0.18,0.09,0,0,0,0,0,0,0,0,0,0,0,0,0,0,0,0,0,0,0,0,0,0,0,0,0,0,0,0,0,0,0,0,0,0,0,0,0
195.42,193.93,187.53,184.25,182.7,181.17,180.44,179.01,176.81,173.81,170,165.96,159.55,152.68,146.41,140.63,134.85,128.57,121.69,114.57,106.43,96.88,85,71.65,59.09,47.82,37.13,27.58,19.26,11.46,7.54,5.09,3.14,1.64,0.68,0.18,0.09,0,0,0,0,0,0,0,0,0,0,0,0,0,0,0,0,0,0,0,0,0,0,0,0,0,0,0,0,0,0,0,0,0,0,0,0,0
195.42,193.93,187.98,184.46,182.7,181.27,180.69,179.11,177,173.98,170.05,166.02,159.48,152.7,146.66,140.88,134.93,128.73,122.19,114.48,106.53,96.8,84.9,71.32,59.13,48.01,37.11,27.54,19.32,11.59,7.58,5.12,3.19,1.66,0.7,0.2,0.1,0,0,0,0,0,0,0,0,0,0,0,0,0,0,0,0,0,0,0,0,0,0,0,0,0,0,0,0,0,0,0,0,0,0,0,0,0
195.42,193.89,188.48,184.79,183.17,181.61,181.08,179.43,177.25,173.98,169.96,165.77,159.32,152.7,146.58,140.96,135.02,128.89,122.35,114.69,106.35,96.54,84.56,71.4,59.12,48.35,37.12,27.26,19.43,11.74,7.62,5.13,3.25,1.68,0.71,0.21,0.11,0,0,0,0,0,0,0,0,0,0,0,0,0,0,0,0,0,0,0,0,0,0,0,0,0,0,0,0,0,0,0,0,0,0,0,0,0
195.42,194.01,188.15,184.71,183.45,182.03,181.19,180.02,177.5,173.9,170.28,165.76,159.68,152.67,146.66,140.96,135.1,128.98,122.27,114.82,105.93,96.04,83.89,71.49,59.3,48.39,37.12,27.37,19.5,11.91,7.69,5.16,3.31,1.71,0.73,0.22,0.11,0,0,0,0,0,0,0,0,0,0,0,0,0,0,0,0,0,0,0,0,0,0,0,0,0,0,0,0,0,0,0,0,0,0,0,0,0
195.42,194.27,188.48,184.63,182.95,181.61,180.77,179.99,177.42,173.9,170.46,165.69,160.15,152.95,147.16,141.13,135.27,129.15,122.36,114.57,105.79,95.37,83.72,71.24,59.42,48.39,37.11,27.61,19.47,12.05,7.77,5.19,3.37,1.74,0.76,0.23,0.12,0,0,0,0,0,0,0,0,0,0,0,0,0,0,0,0,0,0,0,0,0,0,0,0,0,0,0,0,0,0,0,0,0,0,0,0,0
195.42,194.01,188.56,184.79,183.12,181.94,180.76,179.6,177.45,173.98,169.96,165.18,160.15,153.54,147.58,141.63,135.71,129.48,122.65,114.57,105.6,95.05,83.56,71.4,59.4,48.14,37.19,27.61,19.54,12.15,7.83,5.22,3.42,1.78,0.77,0.25,0.12,0,0,0,0,0,0,0,0,0,0,0,0,0,0,0,0,0,0,0,0,0,0,0,0,0,0,0,0,0,0,0,0,0,0,0,0,0
195.42,193.59,188.73,184.37,182.95,181.53,180.85,179.35,177.42,174.07,169.47,164.68,159.71,153.28,147.25,141.8,136.02,129.65,122.78,114.65,105.09,94.95,83.47,71.07,58.95,47.7,37.43,27.6,19.68,12.26,7.89,5.28,3.44,1.82,0.79,0.26,0.13,0,0,0,0,0,0,0,0,0,0,0,0,0,0,0,0,0,0,0,0,0,0,0,0,0,0,0,0,0,0,0,0,0,0,0,0,0
195.42,193.51,188.48,184.29,182.36,181.27,180.69,179.29,177.17,173.92,169.29,164.34,159.32,152.95,147.16,141.63,135.85,129.65,122.53,114.48,105.04,94.87,83.22,70.82,58.55,47.54,37.58,27.71,19.76,12.38,7.94,5.35,3.46,1.85,0.81,0.27,0.13,0,0,0,0,0,0,0,0,0,0,0,0,0,0,0,0,0,0,0,0,0,0,0,0,0,0,0,0,0,0,0,0,0,0,0,0,0
195.42,193.64,188.99,184.55,182.78,181.44,180.9,179.35,177.27,173.73,169.29,164.19,159.32,153.37,147.25,141.47,135.7,129.6,122.5,114.26,105.18,94.87,83.14,70.31,58.13,47.49,37.55,27.92,19.8,12.49,7.99,5.4,3.46,1.87,0.82,0.28,0.14,0,0,0,0,0,0,0,0,0,0,0,0,0,0,0,0,0,0,0,0,0,0,0,0,0,0,0,0,0,0,0,0,0,0,0,0,0
195.42,193.59,189.23,184.71,183.03,181.78,181.19,179.51,177.34,173.65,168.8,163.93,159.23,153.56,147.5,141.47,135.68,129.4,122.36,114.06,105.07,94.78,82.72,69.89,57.96,47.29,37.39,28.13,19.8,12.56,8.05,5.45,3.47,1.87,0.83,0.29,0.14,0,0,0,0,0,0,0,0,0,0,0,0,0,0,0,0,0,0,0,0,0,0,0,0,0,0,0,0,0,0,0,0,0,0,0,0,0
195.42,193.18,188.73,184.29,182.87,181.69,181.11,179.91,177,173.35,168.29,163.42,158.9,153.37,147.5,141.88,135.77,129.06,121.77,113.9,104.93,94.54,81.96,69.56,58.12,47,37.43,28.28,19.76,12.6,8.1,5.5,3.48,1.89,0.85,0.3,0.14,0,0,0,0,0,0,0,0,0,0,0,0,0,0,0,0,0,0,0,0,0,0,0,0,0,0,0,0,0,0,0,0,0,0,0,0,0
195.42,192.85,188.4,183.96,182.36,181.27,180.88,180.02,177.05,173.23,168.29,163.17,158.31,153.03,147.33,141.8,135.89,128.95,121.51,113.82,105.01,94.54,81.38,69.31,57.88,46.76,37.57,28.31,19.71,12.66,8.14,5.57,3.51,1.92,0.85,0.3,0.14,0,0,0,0,0,0,0,0,0,0,0,0,0,0,0,0,0,0,0,0,0,0,0,0,0,0,0,0,0,0,0,0,0,0,0,0,0
195.42,192.76,188.4,183.7,182.36,181.19,180.69,179.51,177.25,173.48,168.42,163.17,158.23,152.95,147.33,141.47,135.85,128.89,121.52,113.72,105.17,94.36,81.04,69.02,57.63,46.64,37.63,28.27,19.69,12.78,8.15,5.63,3.55,1.94,0.85,0.31,0.15,0,0,0,0,0,0,0,0,0,0,0,0,0,0,0,0,0,0,0,0,0,0,0,0,0,0,0,0,0,0,0,0,0,0,0,0,0
195.42,192.84,188.65,184.21,182.61,181.44,180.69,179.39,177.25,173.05,168.2,163.22,158.23,153.03,147.25,141.55,135.6,128.68,121.52,113.56,105.18,93.69,80.94,68.72,57.46,46.62,37.66,28.21,19.68,12.9,8.19,5.65,3.6,1.96,0.85,0.31,0.15,0,0,0,0,0,0,0,0,0,0,0,0,0,0,0,0,0,0,0,0,0,0,0,0,0,0,0,0,0,0,0,0,0,0,0,0,0
195.42,192.96,188.73,184.29,182.7,181.78,181.01,179.77,177.37,172.48,167.53,163,158.65,153.28,147.25,141.47,135.55,128.47,121.45,113.58,104.93,93.28,80.87,68.47,56.87,46.7,37.73,28.19,19.75,12.95,8.22,5.64,3.62,1.97,0.85,0.31,0.15,0,0,0,0,0,0,0,0,0,0,0,0,0,0,0,0,0,0,0,0,0,0,0,0,0,0,0,0,0,0,0,0,0,0,0,0,0
195.42,193.01,188.65,184.55,182.78,181.69,181.36,180.27,177.5,172.49,167.29,162.42,158.53,153.37,147.72,141.55,135.6,128.47,121.44,113.64,104.71,93.02,80.71,68.2,56.64,46.84,37.8,28.24,19.9,13.02,8.2,5.63,3.64,1.98,0.88,0.31,0.15,0,0,0,0,0,0,0,0,0,0,0,0,0,0,0,0,0,0,0,0,0,0,0,0,0,0,0,0,0,0,0,0,0,0,0,0,0
195.42,192.92,188.56,184.12,182.73,181.53,181.41,180.21,177.42,172.56,167.28,162.11,157.98,153.28,148.09,141.89,135.54,128.61,121.56,113.58,104.59,92.66,80.54,67.72,56.63,46.99,37.72,28.28,20.02,13.13,8.27,5.63,3.65,1.99,0.9,0.31,0.16,0,0,0,0,0,0,0,0,0,0,0,0,0,0,0,0,0,0,0,0,0,0,0,0,0,0,0,0,0,0,0,0,0,0,0,0,0
195.42,192.67,188.65,184.29,182.45,181.53,181.19,180.02,177.14,172.14,167.08,161.91,157.47,152.95,147.83,142.22,135.43,128.64,121.6,113.72,104.51,92.44,80.12,67.05,56.66,47.12,37.66,28.27,20.16,13.26,8.32,5.64,3.66,2,0.91,0.31,0.16,0,0,0,0,0,0,0,0,0,0,0,0,0,0,0,0,0,0,0,0,0,0,0,0,0,0,0,0,0,0,0,0,0,0,0,0,0
195.42,192.42,188.23,184.33,182.2,181.53,180.94,180.18,177,171.83,166.69,161.54,157.14,152.45,147.5,142.22,135.35,128.38,121.35,114.15,104.29,92.52,79.71,66.79,56.66,47.32,37.76,28.19,20.36,13.37,8.36,5.66,3.65,1.99,0.92,0.3,0.16,0,0,0,0,0,0,0,0,0,0,0,0,0,0,0,0,0,0,0,0,0,0,0,0,0,0,0,0,0,0,0,0,0,0,0,0,0
195.42,192.63,188.32,184.37,182.61,181.53,181.21,180.29,177.17,171.72,166.28,161.24,156.72,151.86,147.16,141.84,135.32,128.06,121,113.94,104,92.32,79.45,66.71,56.68,47.54,37.76,28.12,20.54,13.45,8.38,5.69,3.65,1.98,0.93,0.3,0.16,0,0,0,0,0,0,0,0,0,0,0,0,0,0,0,0,0,0,0,0,0,0,0,0,0,0,0,0,0,0,0,0,0,0,0,0,0
195.42,192.84,188.56,184.55,182.36,181.53,181.36,180.18,177.13,171.72,165.98,161.24,156.64,151.6,146.75,141.38,135.27,127.89,120.77,113.48,103.75,92.02,79.28,66.46,56.71,47.71,37.71,28.1,20.73,13.47,8.38,5.71,3.64,1.97,0.92,0.3,0.16,0,0,0,0,0,0,0,0,0,0,0,0,0,0,0,0,0,0,0,0,0,0,0,0,0,0,0,0,0,0,0,0,0,0,0,0,0
195.42,192.67,188.56,184.21,182.36,181.44,180.94,180.02,177,171.78,165.94,161.16,156.64,151.6,146.49,141.21,135.18,127.82,120.77,113.31,103.53,91.94,78.96,66.21,56.76,47.67,37.71,28.09,20.93,13.46,8.39,5.71,3.62,1.96,0.92,0.31,0.16,0,0,0,0,0,0,0,0,0,0,0,0,0,0,0,0,0,0,0,0,0,0,0,0,0,0,0,0,0,0,0,0,0,0,0,0,0
195.42,192.76,188.48,184.63,182.45,181.69,181,180.19,177.03,171.81,166.1,161.24,156.55,151.6,146.66,141.39,135.29,127.89,120.86,113.22,103.5,91.91,78.78,66.21,56.86,47.66,37.72,28.14,21.06,13.41,8.39,5.73,3.59,1.95,0.91,0.33,0.12,0,0,0,0,0,0,0,0,0,0,0,0,0,0,0,0,0,0,0,0,0,0,0,0,0,0,0,0,0,0,0,0,0,0,0,0,0
195.42,192.59,188.4,184.29,182.45,181.44,181.11,180.27,177.08,171.72,166.04,161.41,156.8,151.78,146.83,141.55,135.43,128.06,120.93,113.14,103.75,91.85,78.95,66.38,56.98,47.85,37.74,28.29,21.13,13.35,8.39,5.75,3.56,1.95,0.9,0.34,0.07,0,0,0,0,0,0,0,0,0,0,0,0,0,0,0,0,0,0,0,0,0,0,0,0,0,0,0,0,0,0,0,0,0,0,0,0,0
195.42,192.25,188.15,184.1,182.14,181.27,180.85,179.85,177,171.66,165.94,161.4,156.91,151.69,146.66,141.38,135.43,128.08,120.94,113.08,103.9,91.77,78.94,66.46,56.92,47.87,37.77,28.36,21.15,13.27,8.38,5.75,3.55,1.94,0.9,0.33,0.06,0,0,0,0,0,0,0,0,0,0,0,0,0,0,0,0,0,0,0,0,0,0,0,0,0,0,0,0,0,0,0,0,0,0,0,0,0
